0,0.0188856941424001,-2.52646852341308e-07
0.025,0.0153050589044672,-3.83796571564414e-06
0.05,0.0124527693407366,-1.86065883774268e-05
0.075,0.0102106664760564,-5.63790281615692e-05
0.1,0.00847810593268235,-0.000132188686118121
0.125,0.00716928543281407,-0.000263376675124845
0.15,0.00621099594174064,-0.000468910225996231
0.175,0.00554072912875681,-0.000768282371326499
0.2,0.00510508440991644,-0.00118159273099665
0.225,0.00485842776546793,-0.00172889812542433
0.25,0.00476176205563933,-0.00242954245871143
0.275,0.00478177491058433,-0.00330283894166098
0.3,0.00489003562857189,-0.00436655720495701
0.325,0.00506231703666254,-0.00563716000210563
0.35,0.00527802208144028,-0.00712973470642159
0.375,0.00551969813450799,-0.00885774337778757
0.4,0.00577262471166438,-0.0108328994699913
0.425,0.00602446259456752,-0.0130650750284724
0.45,0.00626495427551339,-0.0155622356533274
0.475,0.00648566727557081,-0.0183304007722294
0.5,0.00667977326080238,-0.0213736269901365
0.525,0.0068418570403646,-0.0246940124658444
0.55,0.00696775050739188,-0.0282917204166335
0.575,0.00705438740696021,-0.0321650199774412
0.6,0.00709967550890636,-0.0363103427451422
0.625,0.00710238334693795,-0.0407223534258092
0.65,0.00706203917626049,-0.0453940330767683
0.675,0.00697884021418017,-0.0503167734987729
0.7,0.0068535705739005,-0.0554804813891761
0.725,0.00668752659122679,-0.0608736909166027
0.75,0.00648244848575435,-0.0664836834230585
0.775,0.00624045749964219,-0.072296613002052
0.8,0.00596399782444213,-0.0782976367423269
0.825,0.00565578276489328,-0.0844710484671729
0.85,0.00531874470254009,-0.0908004148397501
0.875,0.00495598851525013,-0.0972687127460498
0.9,0.00457074818439176,-0.103858466909474
0.925,0.00416634638229925,-0.11055188673489
0.950000000000001,0.00374615688101746,-0.117331001425647
0.975000000000001,0.00331356966115237,-0.124177792464539
1,0.00287195862864008,-0.131074322599175
1.025,0.00242465186882661,-0.138002860523593
1.05,0.00197490438265354,-0.144946007617532
1.075,0.00152587326002772,-0.151886921376934
1.1,0.00108059525152279,-0.158809224102558
1.125,0.00064196670219458,-0.16569710478381
1.15,0.000212725811161107,-0.172535201628855
1.175,-0.000204562821722437,-0.179309481643879
1.2,-0.000607521404777493,-0.186006637163791
1.225,-0.000993969966968791,-0.192614330717515
1.25,-0.00136193522806907,-0.199121253955085
1.275,-0.00170965738743215,-0.205517177354232
1.3,-0.00203559489936677,-0.211792990554406
1.325,-0.0023384273102703,-0.217940733229701
1.35,-0.00261705623974032,-0.22395361647564
1.375,-0.00287060459466727,-0.229826034747868
1.4,-0.00309841411168692,-0.23555356845344
1.425,-0.00330004132922471,-0.241132977357317
1.45,-0.003475252095604,-0.246562185027633
1.475,-0.00362401472424509,-0.251840254603118
1.5,-0.00374649191079804,-0.256967356224353
1.525,-0.00384303153008962,-0.261944726527121
1.55,-0.00391415643300025,-0.266774620650514
1.575,-0.00396055336480607,-0.271460257264434
1.6,-0.00398306112712483,-0.27600575717018
1.625,-0.00398265810539995,-0.280416076073559
1.65,-0.00396044928286288,-0.284696932171961
1.675,-0.00391765286015494,-0.288854729234593
1.7,-0.00385558659729945,-0.292896475888164
1.725,-0.00377565399153038,-0.296829701848209
1.75,-0.0036793304006492,-0.300662371858594
1.775,-0.00356814921714541,-0.304402798118013
1.8,-0.0034436881933285,-0.30805955198217
1.825,-0.00330755601223593,-0.311641375733451
1.85,-0.00316137919315817,-0.315157095205977
1.875,-0.00300678941431704,-0.31861553404275
1.9,-0.00284541132860626,-0.322025430343047
1.925,-0.00267885094141227,-0.325395356432242
1.95,-0.00250868461243971,-0.328733642452864
1.975,-0.00233644873622606,-0.332048304435119
2,-0.00216363014870368,-0.335346977457529
2.025,-0.00199165729980851,-0.338636854454121
2.05,-0.00182189222480005,-0.341924631164262
2.075,-0.00165562333969511,-0.345216457655188
2.1,-0.00149405907908141,-0.348518195603414
2.125,-0.00133832238760999,-0.351834661761339
2.15,-0.00118944606971157,-0.355170106075819
2.175,-0.00104836899558301,-0.358528109031308
2.2,-0.000915933155279918,-0.36191157079575
2.225,-0.000792881546865781,-0.365322707915105
2.25,-0.000679856879033682,-0.368763057414551
2.275,-0.000577401063460971,-0.372233488082817
2.3,-0.000485955467401393,-0.375734218637277
2.325,-0.000405861892679805,-0.37926484239232
2.35,-0.000337364243348506,-0.382824357983072
2.375,-0.000280610840797876,-0.38641120563173
2.4,-0.000235657342099149,-0.390023308385478
2.425,-0.000202470214790913,-0.393658117703848
2.45,-0.000180930719209122,-0.397312662730316
2.475,-0.000170839347794806,-0.400983602548379
2.5,-0.000171920669589396,-0.404667280696838
2.525,-0.000183828527336017,-0.408359781202917
2.54999999999999,-0.000206151534231393,-0.412056985385376
2.57499999999999,-0.000238418817404803,-0.415754628683046
2.59999999999999,-0.000280105955617499,-0.4194483567772
2.62499999999999,-0.000330641059463417,-0.423133780298723
2.64999999999999,-0.000389410943482387,-0.426806527442817
2.67499999999999,-0.000455767341053619,-0.430462293854602
2.69999999999999,-0.000529033114691566,-0.434096889197875
2.72499999999999,-0.000608508416394136,-0.437706279875752
2.74999999999999,-0.000693476754969578,-0.44128662743526
2.77499999999999,-0.000783210929762964,-0.444834322257171
2.79999999999999,-0.000876978792892498,-0.448346012206598
2.82499999999999,-0.000974048804957858,-0.451818625998045
2.84999999999999,-0.00107369535217332,-0.455249391109533
2.87499999999999,-0.00117520379597674,-0.458635846163122
2.89999999999999,-0.00127787522934727,-0.461975847772246
2.92499999999999,-0.00138103091729901,-0.465267571938771
2.94999999999999,-0.00148401640228481,-0.468509510163191
2.97499999999999,-0.00158620525851112,-0.471700460508914
2.99999999999999,-0.00168700248241458,-0.474839513934842
3.02499999999999,-0.0017858475097561,-0.47792603627849
3.04999999999999,-0.00188221685292771,-0.480959646333569
3.07499999999999,-0.00197562635512331,-0.483940190520444
3.09999999999999,-0.00206563306097524,-0.486867714694272
3.12499999999999,-0.00215183670608758,-0.489742433673238
3.14999999999999,-0.00223388083059079,-0.492564699097516
3.17499999999999,-0.00231145352438312,-0.495334966247949
3.19999999999999,-0.00238428781410332,-0.498053760461627
3.22499999999999,-0.00245216170408347,-0.500721643779368
3.24999999999999,-0.00251489788555292,-0.503339182447633
3.27499999999999,-0.00257236313019669,-0.505906915874659
3.29999999999999,-0.00262446738580843,-0.508425327608044
3.32499999999999,-0.00267116259321606,-0.510894818858993
3.34999999999999,-0.00271244124489526,-0.513315685047694
3.37499999999999,-0.00274833470672021,-0.51568809578551
3.39999999999999,-0.00277891132513625,-0.518012078643872
3.42499999999999,-0.0028042743426733,-0.520287506987915
3.44999999999999,-0.00282455964516069,-0.522514092076214
3.47499999999999,-0.00283993336425426,-0.524691379547747
3.49999999999999,-0.00285058935895385,-0.526818750334695
3.52499999999999,-0.0028567465996798,-0.528895425956396
3.54999999999999,-0.00285864647819989,-0.530920478067026
3.57499999999999,-0.00285655006626056,-0.532892842048948
3.59999999999999,-0.00285073534519125,-0.534811334366448
3.62499999999999,-0.00284149442802533,-0.536674673322296
3.64999999999999,-0.00282913079482929,-0.538481502793425
3.67499999999999,-0.00281395656096399,-0.540230418463363
3.69999999999999,-0.00279628979692948,-0.541919996018876
3.72499999999999,-0.00277645191728203,-0.543548820737699
3.74999999999999,-0.00275476515486846,-0.545115517863962
3.77499999999999,-0.00273155013531366,-0.546618783148605
3.79999999999999,-0.00270712356533335,-0.548057412924316
3.82499999999999,-0.0026817960470376,-0.549430333088339
3.84999999999999,-0.00265587002895461,-0.550736626382106
3.87499999999999,-0.00262963790305004,-0.551975557383829
3.89999999999999,-0.00260338025555613,-0.553146594668459
3.92499999999999,-0.00257736427796739,-0.55424942963832
3.94999999999999,-0.00255184234311818,-0.555283991586318
3.97499999999999,-0.0025270507498392,-0.556250458621009
3.99999999999999,-0.00250320863830704,-0.557149264157735
4.02499999999999,-0.00248051707685995,-0.557981098761234
4.04999999999999,-0.00245915831976288,-0.558746907211124
4.07499999999999,-0.0024392952341732,-0.559448180377509
4.09999999999999,-0.00242107089339125,-0.560087002336438
4.12499999999999,-0.00240460833238322,-0.560663979700059
4.14999999999999,-0.00239001046054305,-0.561180939747696
4.17499999999999,-0.00237736012571823,-0.5616398819154
4.19999999999999,-0.00236672032266764,-0.562042948798586
4.22499999999999,-0.00235813453834737,-0.562392393880103
4.24999999999999,-0.00235162722573766,-0.562690546513546
4.27499999999999,-0.00234720439733001,-0.562939774749629
4.29999999999999,-0.00234485432889043,-0.563142446641081
4.32499999999999,-0.00234454836370119,-0.563300890697852
4.34999999999999,-0.00234624180715833,-0.563417356188634
4.37499999999999,-0.00234987490136778,-0.563493973996234
4.4,-0.00235537386922992,-0.563532718732958
4.425,-0.0023626520174376,-0.563535372807674
4.45,-0.00237161088782494,-0.563503493108913
4.475,-0.00238214144659403,-0.563438380928543
4.5,-0.00239412530111159,-0.56334105569896
4.525,-0.00240743593419731,-0.563212233054208
4.55,-0.00242193994612399,-0.56305167256176
4.575,-0.00243749829490332,-0.562860059642014
4.6,-0.00245396752584147,-0.562637749191517
4.625,-0.00247120098180708,-0.562383487332013
4.65,-0.00248904998615583,-0.562096319560203
4.675,-0.00250736499079565,-0.561774965472657
4.7,-0.00252599668244926,-0.561417834405374
4.725,-0.00254479704076937,-0.561023046350085
4.75,-0.00256362034258202,-0.560588457834077
4.775,-0.00258232410717085,-0.560111692361128
4.8,-0.00260076997816027,-0.559590174928691
4.825,-0.00261882453820885,-0.559021170062523
4.85,-0.00263636005337659,-0.558401822745786
4.875,-0.0026532551446762,-0.557729201566463
4.9,-0.00266939538496021,-0.557000343365793
4.925,-0.00268467381991812,-0.556212298642073
4.95,-0.00269899141256871,-0.555362176949108
4.975,-0.00271225741121829,-0.554447191527172
5,-0.0027243896414187,-0.553464702416544
5.025,-0.00273531472299373,-0.552412257329294
5.05,-0.00274496821370784,-0.5512871616177
5.075,-0.00275329468162221,-0.550088373715951
5.1,-0.00276024770862056,-0.548813762088271
5.12500000000001,-0.00276578982798751,-0.547461966307729
5.15000000000001,-0.00276989239928462,-0.546031962316974
5.17500000000001,-0.00277253542409251,-0.544523077591835
5.20000000000001,-0.00277370730647127,-0.542935000679594
5.22500000000001,-0.0027734045622343,-0.541267784971715
5.25000000000001,-0.00277163148133421,-0.539521846670643
5.27500000000001,-0.00276839974782226,-0.537697957010421
5.30000000000001,-0.00276372802196594,-0.53579722888946
5.32500000000001,-0.00275764148919463,-0.533821098169124
5.35000000000001,-0.00275017138058912,-0.531771299982093
5.37500000000001,-0.00274135446964171,-0.529649840478199
5.40000000000001,-0.00273123254998846,-0.527458964511071
5.42500000000001,-0.00271985189875688,-0.525201119835245
5.45000000000001,-0.00270726273008245,-0.52287891843919
5.47500000000001,-0.00269351864322769,-0.520495158902752
5.50000000000001,-0.00267867606959093,-0.51805252816237
5.52500000000001,-0.00266279372271912,-0.515553946726128
5.55000000000001,-0.00264593205524427,-0.51300226365476
5.57500000000001,-0.00262815272644707,-0.510400280258337
5.60000000000001,-0.00260951808391777,-0.507750709000389
5.62500000000001,-0.0025900906625347,-0.505056134463359
5.65000000000001,-0.00256993270371853,-0.502318977007897
5.67500000000001,-0.00254910569764695,-0.499541459706121
5.70000000000001,-0.00252766995083335,-0.496725579067137
5.72500000000001,-0.00250568418118594,-0.493873080002999
5.75000000000001,-0.00248320514237261,-0.490985435406264
5.77500000000001,-0.00246028727902619,-0.488063830627882
5.80000000000001,-0.00243698241403294,-0.485109153057726
5.82500000000002,-0.00241333946886017,-0.48212198692137
5.85000000000002,-0.00238940421759636,-0.479102613317228
5.87500000000002,-0.00236521907510121,-0.476051015429469
5.90000000000002,-0.00234082291939679,-0.472966888765872
5.92500000000002,-0.00231625094817383,-0.469849656187239
5.95000000000002,-0.00229153456904281,-0.466698487417753
5.97500000000002,-0.00226670132292702,-0.463512322654801
6.00000000000002,-0.00224177483977813,-0.460289899833557
6.02500000000002,-0.00221677482559116,-0.457029785046858
6.05000000000002,-0.00219171707950997,-0.453730405575529
6.07500000000002,-0.00216661353964485,-0.450390084948824
6.10000000000002,-0.0021414723560703,-0.44700707942954
6.12500000000002,-0.00211629798933746,-0.443579615303834
6.15000000000002,-0.00209109133271778,-0.440105926351885
6.17500000000002,-0.00206584985629606,-0.436584290882135
6.20000000000002,-0.00204056777094974,-0.433013067728613
6.22500000000002,-0.00201523621018819,-0.429389654178457
6.25000000000002,-0.0019898434277803,-0.425713695903512
6.27500000000002,-0.00196437500906953,-0.421984002814736
6.30000000000002,-0.00193881409386445,-0.418199589869427
6.32500000000002,-0.00191314160879606,-0.414359699721597
6.35000000000002,-0.00188733650705288,-0.410463821542118
6.37500000000002,-0.00186137601343859,-0.406511705761499
6.40000000000002,-0.00183523587274449,-0.402503374558201
6.42500000000002,-0.00180889059948889,-0.398439127986945
6.45000000000002,-0.00178231372714819,-0.394319545713261
6.47500000000002,-0.0017554780550862,-0.390145484391474
6.50000000000002,-0.00172835589148119,-0.385918070792219
6.52500000000003,-0.00170091929065093,-0.38163869085143
6.55000000000003,-0.00167314028328387,-0.377308974874479
6.57500000000003,-0.0016449910982003,-0.372930779185975
6.60000000000003,-0.00161644437438633,-0.368506164566795
6.62500000000003,-0.0015874733621683,-0.364037371864576
6.65000000000003,-0.0015580521125224,-0.359526795201563
6.67500000000003,-0.0015281556536431,-0.354976953234033
6.70000000000003,-0.00149776015402492,-0.35039045894009
6.72500000000003,-0.00146684307144146,-0.345769988427405
6.75000000000003,-0.00143538328733559,-0.341118249259277
6.77500000000003,-0.00140336122626135,-0.336437948796478
6.80000000000003,-0.0013707589601433,-0.331731763043679
6.82500000000003,-0.00133756029723972,-0.327002306473438
6.85000000000003,-0.00130375085581309,-0.322252103277889
6.87500000000003,-0.00126931812262308,-0.317483560469117
6.90000000000003,-0.00123425149646338,-0.312698943214242
6.92500000000003,-0.00119854231706418,-0.307900352751129
6.95000000000003,-0.00116218387977554,-0.303089707186141
6.97500000000003,-0.0011251714365334,-0.298268725427167
7.00000000000003,-0.00108750218368941,-0.293438914454175
7.02500000000003,-0.00104917523735736,-0.288601560076452
7.05000000000003,-0.0010101915969928,-0.283757721271488
7.07500000000003,-0.000970554097978315,-0.278908228145765
7.10000000000003,-0.000930267354034728,-0.274053683503544
7.12500000000003,-0.000889337690318687,-0.269194467956653
7.15000000000003,-0.000847773068098303,-0.264330748457236
7.17500000000003,-0.000805583001922917,-0.259462490086918
7.20000000000003,-0.000762778470219109,-0.254589470890651
7.22500000000004,-0.000719371820253905,-0.249711299502112
7.25000000000004,-0.000675376668406926,-0.244827435270531
7.27500000000004,-0.000630807796688706,-0.239937210566547
7.30000000000004,-0.000585681046429063,-0.235039854917582
7.32500000000004,-0.000540013210041621,-0.23013452060151
7.35000000000004,-0.000493821921745961,-0.22522030931128
7.37500000000004,-0.000447125548099183,-0.220296299492783
7.40000000000004,-0.00039994307915348,-0.215361573953572
7.42500000000004,-0.000352294021017462,-0.210415247341119
7.45000000000004,-0.000304198290555216,-0.205456493095949
7.47500000000004,-0.000255676112910172,-0.200484569496975
7.50000000000004,-0.000206747922490836,-0.195498844433553
7.52500000000004,-0.000157434268002847,-0.190498818560708
7.55000000000004,-0.000107755722056863,-0.185484146520361
7.57500000000004,-5.77327958260305e-05,-0.18045465594178
7.60000000000004,-7.38585916856821e-06,-0.175410363968345
7.62500000000004,4.32649334262942e-05,-0.170351491094635
7.65000000000004,9.41997107695147e-05,-0.165278472137217
7.67500000000004,0.000145398946538792,-0.160191964203813
7.70000000000004,0.000196843514296406,-0.155092851568126
7.72500000000004,0.000248514735830108,-0.149982247401012
7.75000000000004,0.000300394422744048,-0.144861492352228
7.77500000000004,0.000352464911279725,-0.139732150020176
7.80000000000004,0.000404709090397963,-0.134595999389232
7.82500000000004,0.00045711042320168,-0.129455024355017
7.85000000000004,0.000509652961825229,-0.124311400496646
7.87500000000004,0.000562321355959054,-0.11916747929125
7.90000000000004,0.000615100855219006,-0.114025769999352
7.92500000000005,0.000667977305606434,-0.108888919479706
7.95000000000005,0.000720937140338318,-0.103759690218463
7.97500000000005,0.000773967365357795,-0.0986409368799232
8.00000000000005,0.000827055539860962,-0.093535581704166
8.02500000000005,0.000880189752199698,-0.0884465890905862
8.05000000000005,0.000933358591539366,-0.0833769397154078
8.07500000000005,0.000986551115666057,-0.0783296045357334
8.10000000000005,0.00103975681535041,-0.0733075190324467
8.12500000000005,0.00109296557568407,-0.0683135580394203
8.15000000000005,0.00114616763480967,-0.063350511497057
8.17500000000005,0.00119935354046818,-0.0584210614543731
8.20000000000005,0.00125251410478557,-0.0535277606257904
8.22500000000005,0.00130564035771685,-0.0486730127868212
8.25000000000005,0.00135872349955933,-0.0438590552671824
8.27500000000005,0.00141175485293547,-0.0390879437709104
8.30000000000005,0.00146472581463563,-0.0343615397211551
8.32500000000005,0.00151762780769447,-0.029681500292922
8.35000000000005,0.00157045223405958,-0.0250492712605469
8.37500000000005,0.00162319042819144,-0.0204656901187745
8.40000000000005,0.00167583361191367,-0.0159315076223578
8.42500000000005,0.00172837285081105,-0.0114481541734026
8.45000000000005,0.00178079901244967,-0.0070162301265111
8.47500000000005,0.00183310272666898,-0.00263613207390378
8.50000000000005,0.00188527434817177,0.00169193722264939
8.52500000000005,0.00193730392161108,0.0059679562715976
8.55000000000005,0.00198918114934923,0.0101920698382808
8.57500000000005,0.0020408953620359,0.0143645716869156
8.60000000000005,0.00209243549212781,0.0184858853167949
8.62500000000006,0.00214379005044635,0.0225565429589594
8.65000000000006,0.00219494710584363,0.0265771631234699
8.67500000000006,0.00224589426802294,0.0305474310237798
8.70000000000006,0.0022966186735359,0.0344690925958499
8.72500000000006,0.00234710697495435,0.0383428804663588
8.75000000000006,0.00239734533319361,0.0421695139045308
8.77500000000006,0.00244731941294205,0.0459496740752653
8.80000000000006,0.00249701438113235,0.049683979892766
8.82500000000006,0.00254641490837129,0.053372964811828
8.85000000000006,0.00259550517322713,0.0570170548819241
8.87500000000006,0.00264426886925836,0.0606165483727912
8.90000000000006,0.00269268921465359,0.0641715972595473
8.92500000000006,0.00274074896433929,0.0676821908307205
8.95000000000006,0.00278843042440104,0.0711481416542512
8.97500000000006,0.0028357154686548,0.0745690741048986
9.00000000000006,0.00288258555719674,0.077944415621943
9.02500000000006,0.0029290217567535,0.0812733908290757
9.05000000000006,0.00297500476265082,0.0845550186093907
9.07500000000006,0.00302051492221475,0.08778811218796
9.10000000000006,0.00306553225941792,0.0909712822331058
9.12500000000006,0.00311003650058407,0.0941029429457693
9.15000000000006,0.00315400710096353,0.0971814254445376
9.17500000000006,0.00319742327199668,0.100205747890804
9.20000000000006,0.00324026400908486,0.103172820225933
9.22500000000006,0.00328250811969381,0.106080395335345
9.25000000000006,0.0033241342516203,0.108926099025391
9.27500000000006,0.00336512092125937,0.111707451002915
9.30000000000006,0.00340544654171874,0.114421887589914
9.32500000000007,0.00344508945063346,0.117066785865231
9.35000000000007,0.00348402793754587,0.119639488903716
9.37500000000007,0.00352224027072286,0.122137331766275
9.40000000000007,0.00355970472329604,0.124557667881983
9.42500000000007,0.00359639959861875,0.126897895456187
9.45000000000007,0.00363230325474651,0.129155483536401
9.47500000000007,0.0036673941279584,0.131327997370878
9.50000000000007,0.00370165075524845,0.133413122703021
9.52500000000007,0.00373505179572717,0.135408688658237
9.55000000000007,0.00376757605088605,0.137312688898207
9.57500000000007,0.00379920248368802,0.139123300740741
9.60000000000007,0.00382991023645791,0.14083890197099
9.62500000000007,0.0038596786475594,0.142458085101553
9.65000000000007,0.00388848726685357,0.143977651006726
9.67500000000007,0.00391631586994426,0.145398643609802
9.70000000000007,0.00394314447122746,0.146720371888443
9.72500000000007,0.00396895333576728,0.147942387570277
9.75000000000007,0.00399372299003305,0.149064484000201
9.77500000000007,0.00401743423153686,0.150086691843274
9.80000000000007,0.00404006813742088,0.151009271682437
9.82500000000007,0.00406160607204785,0.151832703615424
9.85000000000007,0.0040820296936562,0.15255767399906
9.87500000000007,0.00410132096014381,0.153185059531048
9.90000000000007,0.00411946213405229,0.153717561203211
9.92500000000007,0.00413643578682321,0.154154976779044
9.95000000000007,0.00415222480240433,0.154498324059595
9.97500000000007,0.00416681238028457,0.15474903278322
10.0000000000001,0.00418018203803679,0.15490861479637
10.0250000000001,0.00419231761345179,0.154978638158154
10.0500000000001,0.00420320326634278,0.154960700753082
10.0750000000001,0.00421282348010316,0.15485640380006
10.1000000000001,0.00422116306309673,0.154667325648393
10.1250000000001,0.00422820714995913,0.154394996248464
10.1500000000001,0.0042339412028871,0.154040872675843
10.1750000000001,0.00423835101298834,0.153606316073092
10.2000000000001,0.00424142270176403,0.153092570353499
10.2250000000001,0.00424314272278985,0.15249916399305
10.2500000000001,0.00424349786365947,0.151828662787008
10.2750000000001,0.00424247524824917,0.151081842309307
10.3000000000001,0.00424006233935792,0.150259298543237
10.3250000000001,0.00423624694177314,0.149361439822414
10.3500000000001,0.00423101720580631,0.148388481927294
10.3750000000001,0.00422436163133792,0.147340446414423
10.4000000000001,0.00421626907240702,0.1462171622077
10.4250000000001,0.0042067287423727,0.145018270432578
10.4500000000001,0.004195730219673,0.143743232425934
10.4750000000001,0.00418326345419799,0.142391340807224
10.5000000000001,0.0041693187742908,0.140961733450987
10.5250000000001,0.00415388689438416,0.139453410157685
10.5500000000001,0.00413695892327476,0.137865251779775
10.5750000000001,0.00411852637303366,0.136196041523486
10.6000000000001,0.00409858116854485,0.13444448811456
10.6250000000001,0.00407711565766092,0.132609250488654
10.6500000000001,0.00405412262195892,0.130688963644708
10.6750000000001,0.00402959528807715,0.128682265282568
10.7000000000001,0.00400352733960762,0.126587822834904
10.7250000000001,0.00397591292951743,0.124404360497981
10.7500000000001,0.00394674669306747,0.122130685866381
10.7750000000001,0.00391602376119484,0.119765715783149
10.8000000000001,0.003883739774322,0.117310406228806
10.8250000000001,0.00384989089655396,0.114762085884369
10.8500000000001,0.0038144738302223,0.112120129306242
10.8750000000001,0.00377748583073345,0.109384107462383
10.9000000000001,0.00373892472167682,0.106553804730252
10.9250000000001,0.00369878891014769,0.103629233240792
10.9500000000001,0.00365707740223925,0.100610644363859
10.9750000000001,0.0036137898186565,0.0974985371728842
11.0000000000001,0.0035689264104063,0.094293663771254
11.0250000000001,0.00352248807451633,0.0909970314091347
11.0500000000001,0.00347447636973719,0.087609901366615
11.0750000000001,0.00342489353218179,0.0841337846263595
11.1000000000001,0.0033737424908574,0.0805704344057484
11.1250000000001,0.00332102688304685,0.0769218356640442
11.1500000000001,0.00326675106949612,0.0731901917437796
11.1750000000001,0.00321092014936748,0.0693779083466938
11.2000000000001,0.00315353997491884,0.065487575082532
11.2250000000001,0.00309461716587163,0.0615219448633487
11.2500000000001,0.00303415912343123,0.0574839114461183
11.2750000000001,0.00297217404392643,0.0533764854520455
11.3000000000001,0.00290867093203555,0.0492027692116352
11.3250000000001,0.00284365961357036,0.0449659308000613
11.3500000000001,0.00277715074778925,0.0406691776374674
11.3750000000001,0.00270915583921533,0.0363157300334357
11.4000000000001,0.00263968724893535,0.0319087950539452
11.4250000000001,0.00256875820535903,0.0274515410827583
11.4500000000001,0.00249638281441958,0.0229470734374537
11.4750000000001,0.00242257606919909,0.0183984113834861
11.5000000000001,0.00234735385896369,0.0138084668679638
11.5250000000001,0.00227073297759597,0.00918002526865179
11.5500000000001,0.00219273113141397,0.00451572842344073
11.5750000000001,0.00211336694636773,-0.000181939828371482
11.6000000000001,0.00203265997460609,-0.0049106653986424
11.6250000000001,0.00195063070040828,-0.00966831284201505
11.6500000000001,0.00186730054547618,-0.0144529312733878
11.6750000000001,0.00178269187358442,-0.0192632409197762
11.7000000000001,0.00169682799458692,-0.0240971253752878
11.7250000000001,0.00160973316777959,-0.0289532041194339
11.7500000000001,0.00152143260461973,-0.0338302741543196
11.7750000000001,0.00143195247080356,-0.0387273005815037
11.8000000000001,0.00134131988770439,-0.0436434044466525
11.8250000000001,0.00124956293317383,-0.0485778480394048
11.8500000000001,0.00115671064170964,-0.0535297194203709
11.8750000000001,0.00106279300399356,-0.0584987701231923
11.9000000000001,0.000967840965803056,-0.0634846272823961
11.9250000000001,0.000871886426300747,-0.0684869253162588
11.9500000000001,0.000774962235705397,-0.0735053384851129
11.9750000000001,0.000677102192348042,-0.0785395566450761
12.0000000000001,0.000578341039116867,-0.0835892605121825
12.0250000000001,0.000478714459293824,-0.0886540967953682
12.0500000000001,0.000378259071785515,-0.0937336535581933
12.0750000000001,0.000277012425750682,-0.0988274361656874
12.1000000000001,0.000175012994625845,-0.10393484416434
12.1250000000001,7.23001695499422e-05,-0.109055149430166
12.1500000000001,-3.10857478117611e-05,-0.114187475902134
12.1750000000001,-0.000135103553045054,-0.119330781196338
12.2000000000001,-0.00023971114736654,-0.124483840370364
12.2250000000001,-0.000344865546608247,-0.129645232077783
12.2500000000001,-0.000450522890809415,-0.13481332731991
12.2750000000001,-0.000556638454419681,-0.13998628096643
12.3000000000001,-0.000663166657118,-0.145162026178564
12.3250000000001,-0.000770061075252505,-0.150338271828791
12.3500000000001,-0.00087727445390781,-0.155512502970084
12.3750000000001,-0.000984758719606196,-0.160681984365911
12.4000000000001,-0.00109246499365081,-0.165843767050235
12.4250000000001,-0.00120034360611869,-0.170994752182557
12.4500000000001,-0.00130834411051308,-0.176131499337922
12.4750000000001,-0.00141641529908446,-0.181250528148137
12.5000000000001,-0.00152450521883011,-0.186348157355727
12.5250000000001,-0.00163256118818334,-0.191420566295893
12.5500000000001,-0.00174052981440283,-0.19646381675477
12.5750000000001,-0.00184835701167376,-0.201474050780386
12.6000000000001,-0.0019559880199324,-0.206446933715989
12.6250000000001,-0.0020633674244255,-0.211378294439307
12.6500000000001,-0.00217043917601686,-0.216264058981015
12.6750000000001,-0.00227714661225242,-0.221100078348699
12.7000000000001,-0.00238343247919655,-0.22588224212744
12.7250000000001,-0.0024892389540502,-0.230606505412388
12.7500000000001,-0.00259450766856316,-0.235268915030895
12.7750000000001,-0.00269917973325124,-0.23986563469758
12.8000000000001,-0.00280319576242918,-0.244392968758742
12.8250000000001,-0.00290649590006965,-0.248847384200544
12.8500000000001,-0.00300901984649797,-0.253225530617933
12.8750000000001,-0.00311070688593158,-0.257524257868247
12.9000000000001,-0.00321149591487291,-0.261740631164471
12.9250000000001,-0.00331132547136298,-0.265871943397795
12.9500000000001,-0.00341013376510253,-0.269915724517076
12.9750000000001,-0.00350785870844696,-0.273869747833484
13.0000000000001,-0.0036044379482789,-0.277732033161552
13.0250000000001,-0.00369980889876342,-0.281500846752413
13.0500000000001,-0.00379390877498784,-0.285174698020662
13.0750000000001,-0.00388667462748814,-0.288752333112328
13.1000000000001,-0.0039780433776619,-0.292232725407343
13.1250000000001,-0.00406795185406724,-0.29561506309485
13.1500000000001,-0.00415633682960573,-0.298898734003229
13.1750000000001,-0.00424313505958556,-0.302083307908035
13.2000000000001,-0.00432828332066006,-0.305168516579606
13.2250000000001,-0.0044117184506361,-0.308154231867303
13.2500000000001,-0.00449337738914373,-0.311040442148612
13.2750000000001,-0.00457319721915917,-0.313827227498112
13.3000000000001,-0.00465111520936999,-0.31651473395328
13.3250000000001,-0.00472706885737113,-0.319101123270851
13.3500000000001,-0.00480099593367772,-0.321588628912555
13.3750000000001,-0.00487283452654114,-0.323977435507387
13.4000000000001,-0.00494252308755063,-0.326267688083115
13.4250000000001,-0.00501000047800416,-0.328459467967543
13.4500000000001,-0.00507520601602827,-0.330552770230716
13.4750000000001,-0.00513807952442699,-0.332547483033945
13.5000000000001,-0.00519856137923755,-0.334443369225683
13.5250000000001,-0.00525659255896925,-0.336240050492945
13.5500000000001,-0.00531211469450078,-0.337936994340537
13.5750000000001,-0.00536507011960986,-0.339533504129371
13.6000000000001,-0.00541540192210657,-0.341028712360098
13.6250000000001,-0.00546305399554268,-0.342421577339896
13.6500000000001,-0.00550797109146514,-0.343710883319131
13.6750000000001,-0.00555009887218264,-0.344895244131638
13.7000000000001,-0.00558938396401217,-0.34597311031824
13.7250000000001,-0.00562577401097049,-0.346942779658772
13.7500000000001,-0.00565921772887562,-0.347802939771736
13.7750000000001,-0.00568966495982036,-0.348552912143334
13.8000000000001,-0.00571706672698057,-0.349188903758796
13.8250000000001,-0.00574137528971785,-0.349708772477533
13.8500000000001,-0.00576254419893652,-0.350110318667659
13.8750000000001,-0.00578052835265254,-0.35039131165057
13.9000000000001,-0.00579528405173173,-0.350549517718533
13.9250000000001,-0.00580676905575267,-0.350582729309337
13.9500000000001,-0.00581494263894928,-0.350488794900744
13.9750000000001,-0.00581976564618623,-0.350265649172957
14.0000000000001,-0.00582120054892008,-0.349911342980022
14.0250000000001,-0.00581921150109697,-0.349424072671117
14.0500000000001,-0.00581376439493764,-0.348802208310183
14.0750000000001,-0.00580482691655894,-0.34804151032696
14.1000000000001,-0.00579236860137958,-0.347143546371116
14.1250000000001,-0.00577636088925821,-0.346107375640093
14.1500000000001,-0.00575677717930939,-0.344932325730283
14.1750000000001,-0.00573359288434274,-0.343618008970014
14.2000000000001,-0.00570678548487022,-0.342164335470214
14.2250000000001,-0.00567633458262415,-0.34057152268968
14.2500000000001,-0.00564222195352871,-0.338840101366966
14.2750000000001,-0.00560443160006712,-0.336970917728498
14.3000000000001,-0.00556294980298334,-0.334965131941754
14.3250000000001,-0.00551776517226106,-0.332824212842169
14.3500000000001,-0.00546886869731555,-0.330549929021808
14.3750000000001,-0.00541625379633942,-0.328144336425831
14.4000000000001,-0.005359916364738,-0.325609762658336
14.4250000000001,-0.00529985482259116,-0.322949021826422
14.4500000000001,-0.00523607016107799,-0.32016692552973
14.4750000000001,-0.00516856598779915,-0.317264129931493
14.5000000000001,-0.00509734857093077,-0.314243827545587
14.5250000000001,-0.00502242688214465,-0.311109367970496
14.5500000000001,-0.00494381263822734,-0.307864229372873
14.5750000000001,-0.00486152034133031,-0.304511989199829
14.6000000000001,-0.0047755673177843,-0.301056294580903
14.6250000000001,-0.00468597375540809,-0.297500832883265
14.6500000000001,-0.00459276273924366,-0.293849302878727
14.6750000000001,-0.00449596028564748,-0.290105386968606
14.7000000000001,-0.00439559537466892,-0.286272724892639
14.7250000000001,-0.00429169998064527,-0.282354889321488
14.7500000000001,-0.00418430910094286,-0.278355363699274
14.7750000000001,-0.00407346078277367,-0.274277522663718
14.8000000000001,-0.00395919614801704,-0.270124615327522
14.8250000000001,-0.00384155941597499,-0.265899751656432
14.8500000000001,-0.00372059792399069,-0.261605892127709
14.8750000000001,-0.00359636214585893,-0.257246100757178
14.9000000000001,-0.00346890570795797,-0.252822492010817
14.9250000000001,-0.00333828540303199,-0.248337820885413
14.9500000000001,-0.00320456120155391,-0.24379467754131
14.9750000000001,-0.00306779626059872,-0.239194707818793
15.0000000000001,-0.00292805693015751,-0.234540223008612
15.0250000000001,-0.00278541275682312,-0.229833136484138
15.0500000000001,-0.00263993648477946,-0.225075251313017
15.0750000000001,-0.00249170405402596,-0.220268278662565
15.1000000000001,-0.00234079459577103,-0.215413858380818
15.1250000000001,-0.00218729042492802,-0.210513581400211
15.1500000000001,-0.00203127702964878,-0.205569013585464
15.1750000000001,-0.00187284305783082,-0.200581720628072
15.2000000000001,-0.00171208030053566,-0.195553293577039
15.2250000000001,-0.00154908367225674,-0.190485374589251
15.2500000000001,-0.0013839511879772,-0.185379682483143
15.2750000000001,-0.00121678393695899,-0.180238037685903
15.3000000000001,-0.00104768605320703,-0.175062386177231
15.3250000000002,-0.000876764682553215,-0.169854822051206
15.3500000000002,-0.000704129946307682,-0.16461760834185
15.3750000000002,-0.000529894901426509,-0.159353195786864
15.4000000000002,-0.000354175497146928,-0.154063794860049
15.4250000000002,-0.000177090528044394,-0.148752848742728
15.4500000000002,1.23841653310052e-06,-0.143423472253539
15.4750000000002,0.000180687006693921,-0.138079016403446
15.5000000000002,0.000361128229934046,-0.132723072955015
15.5250000000002,0.000542432452805918,-0.127359475790796
15.5500000000002,0.000724467486357531,-0.12199229906205
15.5750000000002,0.000907098655371637,-0.116625852134837
15.6000000000002,0.00109018887143073,-0.111264671395324
15.6250000000002,0.00127359870983108,-0.105913509019458
15.6500000000002,0.00145718649036508,-0.100577318853225
15.6750000000002,0.00164080836198677,-0.0952612395881839
15.7000000000002,0.00182431839137325,-0.0899705754522084
15.7250000000002,0.00200756865538918,-0.084710774667073
15.7500000000002,0.00219040933745792,-0.0794874059522864
15.7750000000002,0.00237268882783914,-0.0743061333780864
15.8000000000002,0.00255425382780757,-0.0691726898895612
15.8250000000002,0.0027349494577236,-0.0640928498382729
15.8500000000002,0.00291461936898152,-0.0590724008674211
15.8750000000002,0.00309310585981657,-0.0541171155014548
15.9000000000002,0.00327024999494663,-0.0492327227911446
15.9250000000002,0.00344589172902058,-0.0444248803605417
15.9500000000002,0.00361987003383823,-0.0396991471931102
15.9750000000002,0.00379202302930326,-0.0350590594717725
16.0000000000002,0.00396218811806443,-0.0305115886885673
16.0250000000002,0.00413020212379457,-0.0260618601367858
16.0500000000002,0.00429590143305156,-0.0217148078081578
16.0750000000002,0.00445912214066074,-0.0174751550125459
16.1000000000002,0.00461970019854939,-0.0133473973054939
16.1250000000002,0.0047774715679621,-0.00933578789765047
16.1500000000002,0.0049322723749764,-0.00544432568548936
16.1750000000001,0.00508393906923325,-0.00167674600663316
16.2000000000001,0.00523230858579206,0.0019634858141079
16.2250000000001,0.00537721851001001,0.00547317809963576
16.2500000000001,0.00551850724534341,0.00884941364594366
16.2750000000001,0.00565601418395989,0.0120895477850167
16.3000000000001,0.0057895798800429,0.0151912037689641
16.3250000000001,0.00591904622566764,0.0181522655944632
16.3500000000001,0.00604425662911421,0.0209708684202158
16.3750000000001,0.00616505619548501,0.0236453867615848
16.4000000000001,0.00628129190947993,0.0261744206754947
16.4250000000001,0.00639281282017991,0.0285567801746702
16.4500000000001,0.00649947022768328,0.0307914681330424
16.4750000000001,0.00660111787142841,0.0328776619633689
16.5000000000001,0.00669761212003432,0.0348146943635492
16.5250000000001,0.00678881216248216,0.0366020334395695
16.5500000000001,0.00687458020045243,0.0382392625203236
16.5750000000001,0.00695478164162867,0.0397260599826239
16.6000000000001,0.00702928529377049,0.0410621794034898
16.6250000000001,0.00709796355935067,0.0422474303512821
16.6500000000001,0.00716069263054988,0.0432816601174909
16.6750000000001,0.00721735268438778,0.0441647366770989
16.7000000000001,0.00726782807777158,0.0448965331475936
16.7250000000001,0.00731200754223099,0.0454769139951064
16.7500000000001,0.00734978437810358,0.0459057232110898
16.7750000000001,0.00738105664793201,0.046182774654713
16.8000000000001,0.00740572736882279,0.0463078447251387
16.8250000000001,0.00742370470351501,0.0462806674944247
16.8500000000001,0.0074349021499015,0.0461009323964387
16.8750000000001,0.00743923872873525,0.0457682845303295
16.9000000000001,0.0074366391692561,0.045282327599284
16.9250000000001,0.00742703409245964,0.0446426294670195
16.9500000000001,0.00741036019173083,0.0438487302762418
16.9750000000001,0.00738656041055934,0.0429001530356943
17.0000000000001,0.00735558411704597,0.041796416545932
17.0250000000001,0.007317387274911,0.0405370504991278
17.0500000000001,0.00727193261070634,0.0391216125555324
17.0750000000001,0.00721918977693151,0.0375497071691579
17.1000000000001,0.00715913551075285,0.0358210059082684
17.1250000000001,0.00709175378801682,0.0339352689927439
17.1500000000001,0.00701703597225242,0.0318923677506959
17.1750000000001,0.00693498095834893,0.0296923076811417
17.2000000000001,0.00684559531059775,0.0273352517983498
17.2250000000001,0.00674889339478472,0.0248215439268186
17.2500000000001,0.00664489750401556,0.0221517316138607
17.2750000000001,0.00653363797796073,0.0193265883294938
17.3000000000001,0.00641515331520122,0.0163471346307431
17.3250000000001,0.0062894902783604,0.0132146579794707
17.3500000000001,0.00615670399170595,0.00993073091928187
17.3750000000001,0.00601685803090628,0.00649722733770636
17.4000000000001,0.00587002450463013,0.00291633656441921
17.4250000000001,0.0057162841276759,-0.000809424915608607
17.4500000000001,0.00555572628532514,-0.00467705861266641
17.4750000000001,0.00538844908861164,-0.0086836642206585
17.5000000000001,0.00521455942020664,-0.012825550816751
17.5250000000001,0.00503417297062127,-0.0170988297210133
17.5500000000001,0.00484741426443351,-0.0214992677147205
17.5750000000001,0.0046544166762526,-0.0260222923668257
17.6000000000001,0.00445532243613815,-0.0306630003005024
17.6250000000001,0.00425028262419954,-0.0354161683235795
17.6500000000001,0.00403945715410758,-0.0402762673086137
17.6750000000001,0.00382301474525734,-0.0452374786719112
17.7000000000001,0.0036011328833312,-0.0502937132665497
17.7250000000001,0.00337399776901848,-0.0554386324728377
17.7500000000001,0.00314180425465881,-0.0606656712411358
17.7750000000001,0.0029047557685863,-0.0659680628169446
17.8000000000001,0.0026630642269627,-0.071338864856973
17.8250000000001,0.00241694993289944,-0.0767709866278493
17.8500000000001,0.00216664146268071,-0.0822572169664306
17.8750000000001,0.00191237553891297,-0.0877902526724785
17.9000000000001,0.0016543968904399,-0.0933627270009064
17.9250000000001,0.00139295809887638,-0.0989672379218862
17.95,0.00112831943162983,-0.10459637582281
17.975,0.000860748661293569,-0.110242750336336
18,0.000590520871313335,-0.115899015993358
18.025,0.000317918247844196,-0.121557896418465
18.05,4.32298577354153e-05,-0.127212206808126
18.075,-0.000233248587404196,-0.132854874457993
18.1,-0.000511214981084939,-0.138478957135078
18.125,-0.000790361085765946,-0.144077659122742
18.15,-0.00107037281062263,-0.14964434480083
18.175,-0.00135093050321425,-0.155172549659663
18.2,-0.00163170925499767,-0.160655988684213
18.225,-0.00191237922060448,-0.166088562083303
18.25,-0.00219260595078123,-0.171464358377458
18.275,-0.00247205073886616,-0.176777654897637
18.3,-0.0027503709806504,-0.182022915784886
18.325,-0.00302722054745203,-0.187194787617558
18.35,-0.00330225017219927,-0.192288092827535
18.375,-0.00357510784829868,-0.197297821099501
18.4,-0.00384543924103719,-0.202219118977177
18.425,-0.00411288811123612,-0.207047277927237
18.45,-0.00437709675085616,-0.211777721134929
18.475,-0.00463770643021495,-0.216405989324892
18.5,-0.00489435785646086,-0.22092772591603
18.525,-0.00514669164291263,-0.225338661830311
18.55,-0.0053943487888459,-0.229634600281828
18.575,-0.00563697116928506,-0.233811401874227
18.6,-0.00587420203432161,-0.237864970331666
18.625,-0.00610568651745951,-0.241791239180741
18.65,-0.00633107215245396,-0.245586159688399
18.675,-0.00655000939808089,-0.249245690343828
18.7,-0.00676215217025194,-0.252765788150905
18.725,-0.00696715838084973,-0.256142401972178
18.75,-0.007164690482641,-0.259371468135887
18.775,-0.00735441601958885,-0.262448908484574
18.8,-0.00753600818185843,-0.265370631007748
18.825,-0.00770914636478684,-0.268132533162411
18.85,-0.00787351673105132,-0.270730507944483
18.875,-0.00802881277525273,-0.273156929524878
18.9,-0.00817473589009653,-0.275411072214277
18.925,-0.00831099593333023,-0.277488883866521
18.95,-0.00843731179457182,-0.279386361639722
18.975,-0.00855341196113486,-0.281099571332886
19,-0.00865903508193546,-0.282628593213593
19.025,-0.00875393052854073,-0.283965916319989
19.05,-0.0088378589523957,-0.285107938325642
19.075,-0.00891059283724569,-0.286051219732566
19.1,-0.00897191704574667,-0.286792511580411
19.125,-0.00902162935924301,-0.287328783922177
19.15,-0.00905954100966634,-0.287657254699748
19.175,-0.0090854772024978,-0.287775418639434
19.2,-0.00909927762971877,-0.287681075780336
19.225,-0.00910079697165734,-0.287372359246793
19.25,-0.00908990538663231,-0.286847761880634
19.275,-0.00906648898727755,-0.286101703354802
19.3,-0.00903045030242462,-0.285137918161283
19.325,-0.00898170872341446,-0.283956147906304
19.35,-0.00892020093369739,-0.282556582600619
19.375,-0.00884588132058474,-0.280939875945981
19.4,-0.00875872236800481,-0.279107157579458
19.425,-0.00865871502912309,-0.277060042087222
19.45,-0.00854586907768388,-0.274800634644186
19.475,-0.00842021343693599,-0.272331533183082
19.5,-0.00828179648501427,-0.269655827045524
19.525,-0.00813068633565113,-0.266777092117442
19.55,-0.00796697109311217,-0.263699382501207
19.575,-0.00779075908025582,-0.260430505688085
19.6,-0.00760217903863675,-0.256972542592456
19.625,-0.00740138029959248,-0.253330261255439
19.65,-0.00718853292527091,-0.249509460156886
19.675,-0.00696382781858291,-0.24551633111536
19.6999999999999,-0.00672747680109035,-0.24135743413704
19.7249999999999,-0.00647971265786854,-0.237039670329654
19.7499999999999,-0.00622078914841645,-0.232570253236964
19.7749999999999,-0.00595098098272021,-0.227956678967624
19.7999999999999,-0.00567058376161735,-0.223206695504378
19.8249999999999,-0.00537991388064655,-0.218328271585344
19.8499999999999,-0.00507930839661405,-0.213329565548499
19.8749999999999,-0.0047691248561538,-0.208218894523431
19.8999999999999,-0.00444974108560822,-0.203004704341234
19.9249999999999,-0.00412155494160961,-0.197695540514217
19.9499999999999,-0.00378498402179743,-0.192300020612417
19.9749999999999,-0.00344046533516604,-0.18682680833406
19.9999999999999,-0.0030884549315982,-0.181284589532787
20.0249999999999,-0.00272942749020518,-0.175682050426255
20.0499999999999,-0.00236387586616069,-0.170027858169214
20.0749999999999,-0.00199231059578657,-0.164330643930309
20.0999999999999,-0.00161525935972152,-0.158599060190098
20.1249999999999,-0.0012332664040784,-0.152841459058369
20.1499999999999,-0.000846891919576724,-0.147066384191541
20.1749999999999,-0.000456711378714311,-0.141282206290868
20.1999999999999,-6.33148311292345e-05,-0.135497214643008
20.2249999999999,0.000332693842613168,-0.129719615560889
20.2499999999999,0.000730697718485392,-0.123957533027167
20.2749999999999,0.00113006765729877,-0.118219011330702
20.2999999999999,0.00153016317333553,-0.112512019453782
20.3249999999999,0.00193033334270933,-0.10684445693936
20.3499999999999,0.00232991775075682,-0.101224160943844
20.3749999999999,0.00272824747766458,-0.0956589141621827
20.3999999999999,0.00312464612143414,-0.0901564532984034
20.4249999999999,0.00351843085718985,-0.0847260794021597
20.4499999999999,0.00390891353172998,-0.0793741752908702
20.4749999999999,0.00429540179211741,-0.0741083866484735
20.4999999999999,0.00467720024700417,-0.0689363439753714
20.5249999999999,0.00505361165927815,-0.0638656687979926
20.5499999999999,0.0054239381685131,-0.0589039784823513
20.5749999999999,0.00578748254160332,-0.0540586542853951
20.5999999999999,0.00614354944985,-0.0493350734521737
20.6249999999999,0.00649144677067023,-0.044743013008833
20.6499999999999,0.00683048691198869,-0.0402900886006754
20.6749999999999,0.00715998815726958,-0.03598390880532
20.6999999999999,0.00747927602904591,-0.0318320668632352
20.7249999999999,0.00778768466869831,-0.0278421297032678
20.7499999999999,0.00808455823013613,-0.0240216242261012
20.7749999999999,0.00836925228493799,-0.0203780208500071
20.7999999999999,0.00864113523640832,-0.0169187143647274
20.8249999999999,0.00889958973991958,-0.0136510021803309
20.8499999999999,0.00914401412680977,-0.010582060097852
20.8749999999999,0.00937382382902686,-0.00771891576695781
20.8999999999999,0.00958845280161991,-0.00506842003228743
20.9249999999999,0.00978735494010067,-0.00263721640400623
20.9499999999999,0.00997000548962095,-0.000431708919077834
20.9749999999999,0.0101359024428382,0.00154310910549226
20.9999999999999,0.0102845679232766,0.00327960003538706
21.0249999999999,0.0104155495509261,0.00477253096044346
21.0499999999999,0.010528421786765,0.00601722295983225
21.0749999999999,0.0106227872528443,0.00700898551944145
21.0999999999999,0.0106982780245185,0.00774357636223836
21.1249999999999,0.0107545568913774,0.00821723557259469
21.1499999999999,0.0107913185833952,0.00842671854402179
21.1749999999999,0.010808290958789,0.00836932738699264
21.1999999999999,0.0108052361500641,0.00804294044567255
21.2249999999999,0.0107819516647072,0.00744603958901361
21.2499999999999,0.0107382714369913,0.00657773496256751
21.2749999999999,0.0106740668273608,0.00543778691227822
21.2999999999999,0.0105892475658738,0.00402662482012368
21.3249999999999,0.0104837626362147,0.00234536262339621
21.3499999999999,0.0103576010968043,0.000395810824247884
21.3749999999999,0.0102107928355947,-0.00181805623857189
21.3999999999999,0.0100434092551708,-0.00429564074477834
21.4249999999999,0.00985556388485328,-0.00703216089824703
21.4499999999999,0.00964741291656123,-0.0100226571832436
21.4749999999998,0.00941915566127512,-0.0132617871731805
21.4999999999998,0.00917103492303393,-0.0167435194050408
21.5249999999998,0.00890333728749863,-0.0204611480490556
21.5499999999998,0.0086163933222276,-0.0244073111969998
21.5749999999998,0.00831057768593417,-0.0285740126020303
21.5999999999998,0.00798630914412544,-0.0329526466677635
21.6249999999998,0.00764405048867031,-0.0375340264519369
21.6499999999998,0.00728430835899752,-0.042308414420958
21.6749999999998,0.00690763296278974,-0.0472655556663035
21.6999999999998,0.00651461769421844,-0.0523947132724225
21.7249999999998,0.00610589864794987,-0.0576847055087891
21.7499999999998,0.00568215402735101,-0.0631239445062614
21.7749999999998,0.0052441034455331,-0.0687030362059907
21.7999999999998,0.00479250711808866,-0.0744050342177186
21.8249999999998,0.00432816494660655,-0.080219318320326
21.8499999999998,0.00385191549228953,-0.0861325343222612
21.8749999999998,0.0033646348392452,-0.0921323874863444
21.8999999999998,0.00286723534728038,-0.0982057104226596
21.9249999999998,0.00236066429429594,-0.104339212691622
21.9499999999998,0.00184590240865078,-0.1105195190812
21.9749999999998,0.00132396229215314,-0.116733206512642
21.9999999999998,0.000795886734620512,-0.122966839357011
22.0249999999998,0.000262746921255538,-0.129207002976702
22.0499999999998,-0.000274359465616559,-0.135440335340002
22.0749999999998,-0.000814310248589648,-0.14165355659217
22.0999999999998,-0.00135596085882055,-0.147833496502925
22.1249999999998,-0.00189814653878291,-0.153967119747097
22.1499999999998,-0.00243968464130584,-0.16004154901197
22.1749999999998,-0.00297937702175209,-0.166044085961022
22.1999999999998,-0.00351601251985508,-0.171962347298157
22.2249999999998,-0.00404836952740166,-0.177783827229689
22.2499999999998,-0.00457521863761834,-0.183496572152903
22.2749999999998,-0.00509532537178015,-0.189088769157312
22.2999999999998,-0.00560745297823496,-0.194548860370283
22.3249999999998,-0.00611036529870297,-0.199865553505318
22.3499999999998,-0.00660282969638188,-0.205028810341955
22.3749999999998,-0.00708362004007423,-0.210025999790712
22.3999999999998,-0.00755151973822291,-0.21484759540469
22.4249999999998,-0.008005324816441,-0.219483453953994
22.4499999999998,-0.00844384703181214,-0.223923739307849
22.4749999999998,-0.00886591701693955,-0.228158930241537
22.4999999999998,-0.00927038744644434,-0.232179828661809
22.5249999999998,-0.00965613621832785,-0.235977568483635
22.5499999999998,-0.0100220696423573,-0.239543625374315
22.5749999999998,-0.0103671256273819,-0.242869827559891
22.5999999999998,-0.010690276859247,-0.245948367863781
22.6249999999998,-0.0109905339607603,-0.248771817118829
22.6499999999998,-0.0112669486249547,-0.251333139061974
22.6749999999998,-0.0115186167127119,-0.253625706785951
22.6999999999998,-0.0117446813056424,-0.255643320785232
22.7249999999998,-0.0119443357049703,-0.257380228594471
22.7499999999998,-0.0121168263670546,-0.258831145977527
22.7749999999998,-0.0122614557660667,-0.259991279584371
22.7999999999998,-0.0123775851742777,-0.26085635095249
22.8249999999998,-0.0124646373503489,-0.261422621689418
22.8499999999998,-0.0125220991259964,-0.261686919634504
22.8749999999998,-0.0125495238814039,-0.261646665761545
22.8999999999998,-0.0125465338997796,-0.261299901550244
22.9249999999998,-0.0125128225915218,-0.260639000952689
22.9499999999998,-0.0124481565785366,-0.259669651660612
22.9749999999998,-0.0123523776293767,-0.258391964231854
22.9999999999998,-0.0122254044360175,-0.25680677840526
23.0249999999998,-0.0120672342232709,-0.254915687310988
23.0499999999998,-0.0118779441820528,-0.252721060014572
23.0749999999998,-0.0116576927179681,-0.250226062018154
23.0999999999998,-0.0114067205069636,-0.247434673349089
23.1249999999998,-0.0111253513501106,-0.244351703878698
23.1499999999998,-0.0108139928199363,-0.240988534262252
23.1749999999998,-0.0104731366911054,-0.237345638303394
23.1999999999998,-0.0101033591486753,-0.23343032590532
23.2249999999997,-0.00970532076760436,-0.229250766824557
23.2499999999997,-0.00927976625768184,-0.22481598829261
23.2749999999997,-0.00882752396857083,-0.220135868250232
23.2999999999997,-0.00834950515021553,-0.215221124056042
23.3249999999997,-0.0078467029644527,-0.210083296578899
23.3499999999997,-0.00732019124429117,-0.204734729632695
23.3749999999997,-0.00677112299797765,-0.199188544762381
23.3999999999997,-0.00620072865565282,-0.193458611440045
23.4249999999997,-0.00561031405711573,-0.187559512779134
23.4499999999997,-0.00500125817995834,-0.18150650692242
23.4749999999997,-0.00437501060810224,-0.175315484304502
23.4999999999997,-0.00373308874156316,-0.169002921031602
23.5249999999997,-0.00307707474909097,-0.162585828659711
23.5499999999997,-0.00240861226617121,-0.156081700686076
23.5749999999997,-0.0017294028417341,-0.149508456098181
23.5999999999997,-0.00104120213779946,-0.14288438034847
23.6249999999997,-0.000345815887174548,-0.13622806414167
23.6499999999997,0.00035490438476835,-0.129558340434775
23.6749999999997,0.00105906586729051,-0.122894220057291
23.6999999999997,0.00176473919259603,-0.116254826361467
23.7249999999997,0.00246996337645175,-0.109659329308957
23.7499999999997,0.00317275096139026,-0.103126879392121
23.7749999999997,0.00387109335183824,-0.0966765417750894
23.7999999999997,0.00456296632958083,-0.0903272310224493
23.8249999999997,0.00524633573706589,-0.0840976467622412
23.8499999999997,0.00591916331513227,-0.0780062106055398
23.8749999999997,0.00657941268086489,-0.0720710046177296
23.8999999999997,0.00722505543040079,-0.0663097116072778
23.9249999999997,0.007854077350658,-0.0607395574669737
23.9499999999997,0.00846448472313887,-0.0553772557708001
23.9749999999997,0.00905431070215769,-0.0502389547974476
23.9999999999997,0.00962162174908432,-0.0453401871195031
24.0249999999997,0.0101645241034697,-0.0406958218661
24.0499999999997,0.0106811702712343,-0.0363200197367523
24.0749999999997,0.0111697655094676,-0.0322261908156948
24.0999999999997,0.0116285742867917,-0.028426955209649
24.1249999999997,0.0120559266977121,-0.0249341065079195
24.1499999999997,0.0124502248088995,-0.0217585780423186
24.1749999999997,0.0128099489149256,-0.0189104119058656
24.1999999999997,0.0131336636806297,-0.0163987306736592
24.2249999999997,0.013420024147002,-0.0142317117568685
24.2499999999997,0.0136677815772623,-0.0124165643114777
24.2749999999997,0.0138757891196705,-0.0109595086172429
24.2999999999997,0.0140430072635494,-0.00986575783921323
24.3249999999997,0.0141685090650253,-0.00913950208401392
24.3499999999997,0.0142514851190879,-0.0087838946657598
24.3749999999997,0.014291248254782,-0.0088010405017506
24.3999999999997,0.014287237930609,-0.00919198656579135
24.4249999999997,0.0142390243076053,-0.0099567143368225
24.4499999999997,0.014146311978027,-0.0110941341922551
24.4749999999997,0.0140089433281324,-0.0126020817087166
24.4999999999997,0.0138269015142247,-0.0144773158474836
24.5249999999997,0.0136003130318627,-0.0167155190174116
24.5499999999997,0.0133294498590155,-0.0193112990243355
24.5749999999997,0.013014731154888,-0.022258192932391
24.5999999999997,0.0126567244971989,-0.0255486728791539
24.6249999999997,0.0122561466418476,-0.0291741539026172
24.6499999999997,0.0118138637901564,-0.0331250038535017
24.6749999999997,0.0113308913502198,-0.0373905554809239
24.6999999999997,0.0108083931803366,-0.0419591207927714
24.7249999999997,0.0102476803040323,-0.0468180078039386
24.7499999999997,0.00965020908780304,-0.0519535397956906
24.7749999999997,0.00901757887442449,-0.0573510772175369
24.7999999999997,0.00835152906646001,-0.0629950423689745
24.8249999999997,0.00765393565647698,-0.068868947002068
24.8499999999997,0.00692680720242843,-0.0749554229869502
24.8749999999997,0.00617228024867141,-0.081236256180781
24.8999999999997,0.00539261419517892,-0.0876924236364035
24.9249999999997,0.00459018561963965,-0.0943041342797663
24.9499999999997,0.00376748205933235,-0.101050873175088
24.9749999999996,0.00292709526189939,-0.107911449483684
24.9999999999996,0.00207171391641757,-0.114864048206277
25.0249999999996,0.00120411587846912,-0.121886285779562
25.0499999999996,0.000327159905244196,-0.128955269575713
25.0749999999996,-0.000556223080959197,-0.136047661328556
25.0999999999996,-0.00144303918012319,-0.14313974448224
25.1249999999996,-0.00233024112973881,-0.150207495427708
25.1499999999996,-0.00321473832250276,-0.157226658559001
25.1749999999996,-0.0040934071988112,-0.164172825045845
25.1999999999996,-0.00496310198412521,-0.171021515181082
25.2249999999996,-0.0058206657390564,-0.177748264121695
25.2499999999996,-0.00666294168787893,-0.184328710800694
25.2749999999996,-0.00748678478906859,-0.190738689744306
25.2999999999996,-0.00828907350947599,-0.196954325485171
25.3249999999996,-0.00906672176181072,-0.202952129218022
25.3499999999996,-0.00981669096330501,-0.208709097300093
25.3749999999996,-0.0105360021717211,-0.214202811154807
25.3999999999996,-0.0112217482532918,-0.219412393557496
25.4249999999996,-0.0118711060357338,-0.224315242821456
25.4499999999996,-0.0124813483982025,-0.22889209850241
25.4749999999996,-0.0130498562488908,-0.233123890876105
25.4999999999996,-0.0135741303400446,-0.236992637602185
25.5249999999996,-0.0140518028693478,-0.240481540564743
25.5499999999996,-0.0144806488160627,-0.243575079979485
25.5749999999996,-0.0148585969598869,-0.2462591050731
25.5999999999996,-0.015183740530319,-0.248520920631265
25.6249999999996,-0.0154543474343354,-0.250349368709668
25.6499999999996,-0.0156688700104394,-0.251734904808143
25.6749999999996,-0.0158259542576128,-0.252669667821747
25.6999999999996,-0.0159244484884281,-0.253147543104851
25.7249999999996,-0.0159634113565267,-0.253164217743964
25.7499999999996,-0.0159421192098811,-0.252707722232037
25.7749999999996,-0.0158600727227077,-0.251787049904754
25.7999999999996,-0.0157170027606098,-0.250413071359411
25.8249999999996,-0.0155128754354872,-0.248579552752868
25.8499999999996,-0.0152478963089659,-0.246291719676946
25.8749999999996,-0.0149225137055737,-0.243556744580717
25.8999999999996,-0.0145374210995997,-0.24038373634869
25.9249999999996,-0.0140935585425546,-0.23678371939255
25.9499999999996,-0.0135921131013501,-0.232769602241393
25.9749999999996,-0.0130345182807715,-0.228356135707901
25.9999999999996,-0.0124224524074929,-0.223559860800829
26.0249999999996,-0.0117578359567836,-0.218399046646063
26.0499999999996,-0.0110428278071678,-0.212893618767868
26.0749999999996,-0.0102798204126057,-0.207065078167245
26.0999999999996,-0.00947143388626408,-0.200936411714266
26.1249999999996,-0.00862050899460903,-0.194531994444324
26.1499999999996,-0.00773009906538135,-0.18787748441347
26.1749999999996,-0.00680346081797432,-0.180999710824106
26.1999999999996,-0.00584404412982059,-0.17392655617862
26.2249999999996,-0.00485548075757743,-0.166686833254301
26.2499999999996,-0.0038415720371608,-0.159310157717716
26.2749999999996,-0.00280627559200388,-0.151826817210464
26.2999999999996,-0.00175369108426174,-0.144267637740915
26.3249999999996,-0.000688045049055419,-0.136663848208501
26.3499999999996,0.000386325142814694,-0.129046943868944
26.3749999999996,0.00146498814295203,-0.12144854952115
26.3999999999996,0.00254343624827054,-0.113900283160371
26.4249999999996,0.00361710372763664,-0.106433620798805
26.4499999999996,0.00468138578613704,-0.0990797631051451
26.4749999999996,0.00573165809602484,-0.091869504460233
26.4999999999996,0.0067632968187389,-0.0848331049681731
26.5249999999996,0.0077716990379347,-0.0780001659024933
26.5499999999996,0.008752303519284,-0.0713995090065818
26.5749999999996,0.00970061170886216,-0.0650590600080346
26.5999999999996,0.010612208878336,-0.0590057366489949
26.6249999999996,0.0114827853218808,-0.0532653414801394
26.6499999999996,0.0123081575068293,-0.0478624596157962
26.6749999999996,0.01308428907754,-0.0428203616025064
26.6999999999996,0.0138073116098416,-0.038160911513953
26.7249999999996,0.014473545011763,-0.0339044803520507
26.7499999999995,0.0150795174650409,-0.0300698648074717
26.7749999999995,0.0156219848011894,-0.0266742114131351
26.7999999999995,0.016097949205724,-0.0237329461112078
26.8249999999995,0.0165046771444455,-0.0212597092477839
26.8499999999995,0.0168397164065809,-0.0192662960092653
26.8749999999995,0.0171009121610091,-0.0177626023201728
26.8999999999995,0.0172864219238085,-0.0167565762330263
26.9249999999995,0.0173947293379698,-0.0162541748564031
26.9499999999995,0.0174246566692919,-0.0162593268865709
26.9749999999995,0.0173753759262702,-0.0167739008303507
26.9999999999995,0.0172464185161588,-0.0177976790312766
27.0249999999995,0.0170376833543579,-0.0193283376367756
27.0499999999995,0.0167494433498403,-0.0213614326701427
27.0749999999995,0.0163823501954634,-0.0238903923966515
27.0999999999995,0.0159374373987162,-0.0269065161973849
27.1249999999995,0.0154161214957058,-0.0303989801864998
27.1499999999995,0.014820201398965,-0.0343548498268903
27.1749999999995,0.0141518558379534,-0.038759099814913
27.1999999999995,0.0134136388598885,-0.04359464151632
27.2249999999995,0.0126084733677562,-0.0488423582422915
27.2499999999995,0.0117396426819736,-0.0544811486558967
27.2749999999995,0.0108107801221789,-0.0604879785950877
27.2999999999995,0.00982585661594586,-0.0668379415879979
27.3249999999995,0.00878916635184163,-0.0735043283196117
27.3499999999995,0.00770531050509414,-0.0804587052855201
27.3749999999995,0.00657917907516562,-0.0876710028382897
27.3999999999995,0.00541593088570175,-0.0951096127948238
27.4249999999995,0.00422097180854318,-0.102741495728852
27.4499999999995,0.00299993128474321,-0.110532298021399
27.4749999999995,0.00175863722670324,-0.118446478683659
27.4999999999995,0.0005030893966213,-0.126447445901414
27.5249999999995,-0.000760568632690256,-0.134497703177878
27.5499999999995,-0.00202607881793244,-0.142559004873175
27.5749999999995,-0.00328709915941166,-0.150592520853596
27.5999999999995,-0.00453723525222602,-0.15855900987297
27.6249999999995,-0.00577007272824759,-0.166419001212331
27.6499999999995,-0.00697921043370354,-0.174132984003313
27.6749999999995,-0.00815829417890135,-0.181661603556023
27.6999999999995,-0.00930105088902285,-0.18896586390467
27.7249999999995,-0.0104013229780839,-0.196007335674763
27.7499999999995,-0.0114531027621009,-0.202748368265758
27.7749999999995,-0.0124505667223662,-0.209152305233746
27.7999999999995,-0.0133881094254969,-0.215183701651877
27.8249999999995,-0.0142603769037127,-0.22080854212316
27.8499999999995,-0.0150622992966136,-0.225994458023064
27.8749999999995,-0.0157891225546646,-0.230710942459568
27.8999999999995,-0.0164364390046454,-0.234929561358144
27.9249999999995,-0.0170002165785896,-0.238624159010441
27.9499999999995,-0.0174768265101814,-0.241771056370095
27.9749999999995,-0.0178630693063004,-0.244350935796452
27.9999999999995,-0.0181561988063459,-0.246342280025713
28.0249999999995,-0.0183539441482278,-0.247731574453437
28.0499999999995,-0.0184545294674089,-0.248506822279264
28.0749999999995,-0.0184566911641762,-0.248659324096952
28.0999999999995,-0.0183596925843696,-0.248183795772132
28.1249999999995,-0.0181633359700866,-0.247072519917013
28.1499999999995,-0.0178679715493901,-0.245339268613112
28.1749999999995,-0.0174745036477348,-0.242983541479145
28.1999999999995,-0.0169843937186392,-0.240014485299226
28.2249999999995,-0.0163996602070273,-0.236444933489585
28.2499999999995,-0.0157228751755639,-0.232291388778625
28.2749999999995,-0.0149571576421502,-0.227573980108791
28.2999999999995,-0.0141061635954435,-0.222316393381284
28.3249999999995,-0.0131740726747204,-0.216545775907099
28.3499999999995,-0.0121655715205354,-0.210292614680048
28.3749999999995,-0.0110858338232999,-0.203590588845863
28.3999999999995,-0.00994049711803872,-0.196476397002251
28.4249999999995,-0.00873563639501201,-0.188989560224052
28.4499999999995,-0.00747773461753573,-0.181172201961224
28.4749999999995,-0.00617365026000547,-0.173068806201449
28.4999999999994,-0.00483058200073782,-0.164725955519474
28.5249999999994,-0.00345603072559937,-0.15619205084859
28.5499999999994,-0.00205775901939615,-0.147517015002214
28.5749999999994,-0.000643748342420689,-0.138751982142633
28.5999999999994,0.000777845890649422,-0.129948975537067
28.6249999999994,0.0021987410934222,-0.121160576056444
28.6499999999994,0.00361057589799299,-0.112439583958396
28.6749999999994,0.00500495988189989,-0.103838676552255
28.6999999999994,0.00637352434556466,-0.0954100643703699
28.7249999999994,0.00770797383994317,-0.0872051484673239
28.7499999999994,0.00900013813169084,-0.0792741814379504
28.7749999999994,0.010242024282449,-0.0716659346879998
28.7999999999994,0.0114258685100315,-0.0644273744100814
28.8249999999994,0.012544187492454,-0.0576033486146775
28.8499999999994,0.0135898287709853,-0.05123628744414
28.8749999999994,0.0145560199058632,-0.0453659188598064
28.8999999999994,0.015436416038033,-0.0400290016413955
28.9249999999994,0.0162251455123854,-0.0352590774767477
28.9499999999994,0.016916853222471,-0.0310862437514584
28.9749999999994,0.0175067413436725,-0.0275369484745234
28.9999999999994,0.0179906071313075,-0.0246338086001695
29.0249999999994,0.0183648774721376,-0.022395452829428
29.0499999999994,0.0186266398922835,-0.020836389799514
29.0749999999994,0.0187736697415456,-0.0199669023958813
29.0999999999994,0.018804453293581,-0.019792973825567
29.1249999999994,0.0187182065232188,-0.0203162164504672
29.1499999999994,0.0185148893463275,-0.0215338744723928
29.1749999999994,0.0181952151339775,-0.0234388096596322
29.1999999999994,0.0177606553410526,-0.0260195355044766
29.2249999999994,0.0172134391198052,-0.0292602745003255
29.2499999999994,0.0165565478209622,-0.0331410421804305
29.2749999999994,0.0157937043187059,-0.0376377574219175
29.2999999999994,0.0149293571309472,-0.0427223783856597
29.3249999999994,0.0139686593425905,-0.0483630633338555
29.3499999999994,0.0129174423767186,-0.0545243554428372
29.3749999999994,0.0117821846965248,-0.0611673906086596
29.3999999999994,0.0105699755591912,-0.0682501271275839
29.4249999999994,0.00928847398138381,-0.0757275960227513
29.4499999999994,0.00794586311443808,-0.083552170682365
29.4749999999994,0.00655080026522518,-0.0916738543738181
29.4999999999994,0.00511236283591023,-0.100040584102544
29.5249999999994,0.00363999049200211,-0.108598549194279
29.5499999999994,0.00214342390289534,-0.117292522895004
29.5749999999994,0.000632640432289881,-0.126066205204257
29.5999999999994,-0.000882212812923212,-0.134862575084935
29.6249999999994,-0.00239088813781025,-0.143624250126145
29.6499999999994,-0.00388310815469074,-0.152293851675261
29.6749999999994,-0.00534863793119882,-0.160814373400962
29.6999999999994,-0.00677735788332694,-0.169129551200877
29.7249999999994,-0.00815933688866229,-0.177184232325349
29.7499999999994,-0.0094849050816385,-0.184924741553101
29.7749999999994,-0.0107447257830522,-0.192299242225081
29.7999999999994,-0.0119298660105789,-0.199258089920015
29.8249999999994,-0.0130318650156628,-0.205754176539369
29.8499999999994,-0.0140428002951599,-0.211743262561258
29.8749999999994,-0.0149553505335272,-0.217184295222813
29.8999999999994,-0.0157628549432811,-0.222039710399828
29.9249999999994,-0.016459368487935,-0.226275715971988
29.9499999999994,-0.0170397124926381,-0.22986255449314
29.9749999999994,-0.0174995201732731,-0.232774743030234
29.9999999999994,-0.0178352766447387,-0.234991288093432
30.0249999999994,-0.0180443530034132,-0.236495873822106
30.0499999999994,-0.0181250341172411,-0.237277019821725
30.0749999999994,-0.0180765397992734,-0.237321713719237
30.0999999999994,-0.0178990390866139,-0.236636942855144
30.1249999999994,-0.0175936573962773,-0.235229132236561
30.1499999999994,-0.0171624763821524,-0.23310248543035
30.1749999999994,-0.0166085263727037,-0.230270965150974
30.1999999999994,-0.0159357713268806,-0.226753629870434
30.2249999999994,-0.0151490863054733,-0.222574550234628
30.2499999999993,-0.014254227516424,-0.217762687405113
30.2749999999993,-0.0132577950548918,-0.212351733273492
30.2999999999993,-0.0121671885216364,-0.206379912815293
30.3249999999993,-0.0109905557660544,-0.199889749186303
30.3499999999993,-0.00973673506235039,-0.192927792512941
30.3749999999993,-0.00841519108838199,-0.185544313685144
30.3999999999993,-0.00703594513602598,-0.177792964820303
30.4249999999993,-0.00560950003896571,-0.16973040842467
30.4499999999993,-0.00414676035799713,-0.161415917628656
30.4749999999993,-0.00265894841474085,-0.152910950208636
30.4999999999993,-0.00115751681146468,-0.144278699424524
30.5249999999993,0.000345941882918501,-0.135583624993718
30.5499999999993,0.00183978756329532,-0.126890967783012
30.5749999999993,0.00331242638595567,-0.118266252025838
30.5999999999993,0.0047524051581322,-0.109774779059118
30.6249999999993,0.00614850552457558,-0.101481116718663
30.6499999999993,0.00748983714329378,-0.0934485886326922
30.6749999999993,0.00876592903653198,-0.0857387677083688
30.6999999999993,0.00996681830425457,-0.0784109781162779
30.7249999999993,0.0110831353959526,-0.0715218100433975
30.7499999999993,0.0121061851526709,-0.0651246514082295
30.7749999999993,0.0130280228547793,-0.0592692406148808
30.7999999999993,0.0138415245421861,-0.0540012442692228
30.8249999999993,0.0145404509123033,-0.04936186359351
30.8499999999993,0.0151195041469688,-0.045387473059686
30.8749999999993,0.0155743770724501,-0.0421092945199949
30.8999999999993,0.0159017941162926,-0.0395531098500196
30.9249999999993,0.0160995435907181,-0.0377390148371839
30.9499999999993,0.0161665009040721,-0.0366812167498299
30.9749999999993,0.016102642378906,-0.0363878833976619
30.9999999999993,0.0159090494370546,-0.0368610128277415
31.0249999999993,0.0155879029978527,-0.0380964030243053
31.0499999999993,0.015142468024684,-0.0400836239152163
31.0749999999993,0.0145770682465909,-0.0428060627350544
31.0999999999993,0.0138970511748194,-0.0462410165664725
31.1249999999993,0.0131087436281008,-0.0503598362513973
31.1499999999993,0.0122193980741916,-0.0551281213014208
31.1749999999993,0.011237130187826,-0.0605059650356514
31.1999999999993,0.0101708481157878,-0.0664482487624263
31.2249999999993,0.00903017402730359,-0.0729049833999735
31.2499999999993,0.00782535861146668,-0.0798216965025059
31.2749999999993,0.00656718926195168,-0.0871398622254383
31.2999999999993,0.00526689276191829,-0.0947973713304445
31.3249999999993,0.00393603334792353,-0.102729037902922
31.3499999999993,0.00258640708989342,-0.110867139036838
31.3749999999993,0.00122993357410084,-0.119141983341338
31.3999999999993,-0.000121454083200322,-0.127482503746628
31.4249999999993,-0.0014559198328515,-0.135816869740679
31.4499999999993,-0.00276183482132739,-0.144073113859956
31.4749999999993,-0.00402788596163881,-0.15217976699295
31.4999999999993,-0.00524318185880681,-0.16006649684084
31.5249999999993,-0.00639735501481633,-0.1676647437195
31.5499999999993,-0.00748065926216888,-0.174908347785041
31.5749999999993,-0.00848406141088032,-0.181734161723531
31.5999999999993,-0.00939932614090444,-0.188082642965307
31.6249999999993,-0.0102190932302204,-0.193898419565403
31.6499999999993,-0.0109369462778406,-0.199130824032571
31.6749999999993,-0.0115474721602407,-0.203734389588176
31.6999999999993,-0.0120463105485388,-0.207669303590039
31.7249999999993,-0.0124301929113869,-0.210901813161984
31.7499999999993,-0.0126969705340765,-0.213404578424422
31.7749999999993,-0.0128456311967967,-0.215156969121713
31.7999999999993,-0.0128763042731889,-0.216145300522054
31.8249999999993,-0.0127902541331174,-0.216356163371557
31.8499999999993,-0.0125898618595891,-0.215803966999446
31.8749999999993,-0.0122785954176655,-0.214489793681017
31.8999999999993,-0.0118609685415419,-0.212428789984341
31.9249999999993,-0.0113424887333037,-0.209643229097112
31.9499999999993,-0.0107295948916195,-0.206162336307613
31.9749999999993,-0.0100295852093676,-0.202022041578427
31.9999999999993,-0.00925053609436426,-0.197264663969405
32.0249999999993,-0.00840121297548367,-0.191938528266457
32.0499999999993,-0.00749097395613481,-0.186097516539857
32.0749999999992,-0.00652966736691545,-0.179800558145554
32.0999999999992,-0.00552752434799673,-0.173111062470229
32.1249999999992,-0.00449504765824659,-0.166096299492323
32.1499999999992,-0.00344289796126774,-0.158826733972573
32.1749999999992,-0.00238177887737603,-0.151375319782908
32.1999999999992,-0.00132232211447672,-0.143816761515972
32.2249999999992,-0.000274973999094846,-0.136226751073309
32.2499999999992,0.000750115278864164,-0.128681187393796
32.2749999999992,0.00174319841790317,-0.121255387842737
32.2999999999992,0.00269503250365018,-0.11402330002596
32.3249999999992,0.00359697406093868,-0.107056722915463
32.3499999999992,0.00444106653737425,-0.100424546170241
32.3749999999992,0.00522011918313021,-0.0941920164081437
32.3999999999992,0.00592777639247256,-0.0884200389356151
32.4249999999992,0.00655857668633764,-0.0831645230789238
32.4499999999992,0.00710800064094502,-0.0784757787924276
32.4749999999992,0.00757250720348061,-0.0743979716578472
32.4999999999992,0.00794955798071214,-0.0709686427459077
32.5249999999992,0.00823762923827474,-0.0682182991005466
32.5499999999992,0.00843621150529798,-0.066170079838427
32.5749999999992,0.00854579683914048,-0.0648395020435194
32.5999999999992,0.00856785396601252,-0.0642342906907928
32.6249999999992,0.00850479167308617,-0.0643542982476403
32.6499999999992,0.00835991098416431,-0.0651914819517827
32.6749999999992,0.0081373468016874,-0.0667300258822634
32.6999999999992,0.00784199984087374,-0.068946503135897
32.7249999999992,0.00747945981474781,-0.0718101382224164
32.7499999999992,0.00705592094977177,-0.0752831558418514
32.7749999999992,0.00657809101888478,-0.0793212089720785
32.7999999999992,0.0060530951700225,-0.0838738837193656
32.8249999999992,0.00548837590232068,-0.0888852758801701
32.8499999999992,0.00489159059755906,-0.094294633241653
32.8749999999992,0.00427050805003976,-0.100037056763191
32.8999999999992,0.0036329054531222,-0.106044252947123
32.9249999999992,0.00298646729436269,-0.112245328941128
32.9499999999992,0.00233868758357009,-0.118567621234646
32.9749999999992,0.00169677678892959,-0.124937548235238
32.9999999999992,0.00106757478619372,-0.131281476553932
33.0249999999992,0.000457471035422884,-0.137526590505403
33.0499999999992,-0.000127666910070285,-0.143601754149917
33.0749999999992,-0.000682555585667394,-0.149438355176428
33.0999999999992,-0.00120254765541144,-0.154971120052466
33.1249999999992,-0.00168367313542795,-0.160138890144861
33.1499999999992,-0.00212266929660579,-0.164885348940143
33.1749999999992,-0.00251699892221966,-0.169159691055166
33.1999999999992,-0.00286485678293205,-0.17291722441531
33.2249999999992,-0.00316516438225979,-0.176119897775418
33.2499999999992,-0.00341755321718126,-0.178736746653174
33.2749999999992,-0.00362233698794196,-0.180744251721209
33.2999999999992,-0.00378047337506601,-0.18212660474961
33.3249999999992,-0.00389351617709743,-0.182875877464008
33.3499999999992,-0.00396355876637118,-0.182992073006323
33.3749999999992,-0.00399316996932117,-0.182483169262827
33.3999999999992,-0.00398532360963715,-0.181364898965202
33.4249999999992,-0.00394332306424463,-0.179660559291785
33.4499999999992,-0.00387072227151239,-0.177400682080241
33.4749999999992,-0.00377124469605118,-0.174622614388037
33.4999999999992,-0.00364870179349227,-0.171370005851594
33.5249999999992,-0.00350691253041494,-0.167692214939988
33.5499999999992,-0.0033496254983179,-0.163643639140851
33.5749999999992,-0.00318044511601042,-0.159282977387651
33.5999999999992,-0.00300276334205469,-0.154672434102579
33.6249999999992,-0.00281969821873379,-0.149876875194636
33.6499999999992,-0.00263404044262269,-0.14496294719438
33.6749999999992,-0.00244820900587335,-0.139998171402293
33.6999999999992,-0.00226421677908721,-0.135050025456144
33.7249999999992,-0.00208364671375453,-0.130185025066642
33.7499999999992,-0.00190763913288479,-0.125467818817471
33.7749999999992,-0.00173689035613503,-0.120960308868145
33.7999999999992,-0.00157166267441159,-0.116720810134331
33.8249999999992,-0.00141180545269597,-0.112803260054645
33.8499999999991,-0.00125678690322655,-0.109256490394551
33.8749999999991,-0.00110573583868839,-0.106123571700914
33.8999999999991,-0.00095749249133437,-0.10344124002174
33.9249999999991,-0.000810667273754262,-0.101239414363953
33.9499999999991,-0.000663706164677901,-0.0995408120976012
33.9749999999991,-0.000514961233283589,-0.0983606682350839
33.9999999999991,-0.000362764671910312,-0.0977065677701194
34.0249999999991,-0.00020550459361288,-0.0975783722386857
34.0499999999991,-4.17007709378704e-05,-0.0979682725014533
34.0749999999991,0.000129921551816702,-0.0988609640371641
34.0999999999991,0.000310361646459902,-0.100233912390291
34.1249999999991,0.000500278928844274,-0.10205773129905
34.1499999999991,0.000699935993002393,-0.104296665180788
34.1749999999991,0.000909150703567818,-0.106909165032622
34.1999999999991,0.00112725884540706,-0.109848550925514
34.2249999999991,0.00135308863873911,-0.113063751471656
34.2499999999991,0.00158494820252658,-0.116500109338959
34.2749999999991,0.00182062679197213,-0.120100240722045
34.2999999999991,0.00205741035170895,-0.123804935685244
34.3249999999991,0.00229211161970004,-0.127554085496682
34.3499999999991,0.00252111469349236,-0.131287622497406
34.3749999999991,0.00274043363652292,-0.134946457714616
34.3999999999991,0.00294578436426763,-0.138473401346393
34.4249999999991,0.00313266871520656,-0.141814051422814
34.4499999999991,0.00329646928711352,-0.144917636383701
34.4749999999991,0.00343255331241348,-0.147737797998184
34.4999999999991,0.00353638356467432,-0.150233301971015
34.5249999999991,0.00360363403872772,-0.152368664715279
34.5499999999991,0.00363030793635311,-0.154114686097174
34.5749999999991,0.00361285532405468,-0.155448879449754
34.5999999999991,0.00354828771480268,-0.156355791841177
34.6249999999991,0.00343428676654698,-0.156827204571164
34.6499999999991,0.00326930429047639,-0.156862219155978
34.6749999999991,0.0030526508242383,-0.156467263145956
34.6999999999991,0.00278457015103545,-0.155655864205283
34.7249999999991,0.00246629733493752,-0.154448431164207
34.7499999999991,0.00210009809469987,-0.15287184909743
34.7749999999991,0.00168928765025451,-0.150958993154968
34.7999999999991,0.00123822754391808,-0.148748134551548
34.8249999999991,0.000752299356749581,-0.146282258262161
34.8499999999991,0.000237854702640426,-0.143608301868497
34.8749999999991,-0.00029785861938552,-0.140776328206387
34.8999999999991,-0.000846793909865915,-0.13783864572352
34.9249999999991,-0.00140022534525292,-0.134848891495525
34.9499999999991,-0.00194888875501973,-0.131861092638613
34.9749999999991,-0.00248314136980029,-0.128928722374385
34.9999999999991,-0.00299313799105657,-0.12610376722922
35.0249999999991,-0.00346902054441679,-0.12343582177619
35.0499999999991,-0.00390111753435106,-0.120971226948719
35.0749999999991,-0.00428014952922985,-0.118752267277008
35.0999999999991,-0.004597436484436,-0.116816441433057
35.1249999999991,-0.00484510246762729,-0.115195819236304
35.1499999999991,-0.00501627319363812,-0.113916496793577
35.1749999999991,-0.00510526171475609,-0.112998159751519
35.1999999999991,-0.00510773765126076,-0.112453762829674
35.2249999999991,-0.00502087549126235,-0.112295311075549
35.2499999999991,-0.0048434777400589,-0.112508764701918
35.2749999999991,-0.00457606905698711,-0.113094201175281
35.2999999999991,-0.00422095797946445,-0.114035932127678
35.3249999999991,-0.00378226339418143,-0.115312822480622
35.3499999999991,-0.00326590356650216,-0.11689770717372
35.3749999999991,-0.00267954627086244,-0.118757929520506
35.3999999999991,-0.00203251936459723,-0.120855979908097
35.4249999999991,-0.00133568200048395,-0.12315022435895
35.4499999999991,-0.000601257562485902,-0.125595709403402
35.4749999999991,0.00015736968375509,-0.128145028116134
35.4999999999991,0.000925891329057517,-0.130749230849254
35.5249999999991,0.0016893411686303,-0.133358763187775
35.5499999999991,0.00243238654297565,-0.135924412992027
35.5749999999991,0.00313963928269629,-0.138398248099231
35.599999999999,0.00379598018265466,-0.140734526346651
35.624999999999,0.00438689035238595,-0.142890560053597
35.649999999999,0.00489878233669163,-0.144827517950783
35.674999999999,0.00531932358965918,-0.146511148754072
35.699999999999,0.00563774473120662,-0.147912412117542
35.724999999999,0.00584512502888185,-0.149008004532924
35.749999999999,0.00593464773703472,-0.149780769828026
35.774999999999,0.00590181829465881,-0.150219986030166
35.799999999999,0.00574463893249279,-0.150318343992938
35.824999999999,0.00546373396499525,-0.150084776006553
35.849999999999,0.00506242093517709,-0.149525079229523
35.874999999999,0.00454672382692963,-0.148654529696583
35.899999999999,0.00392532574307506,-0.147494312184217
35.924999999999,0.0032094597463605,-0.146071045490149
35.949999999999,0.00241273794960976,-0.144416193731321
35.974999999999,0.00155092039132573,-0.14256538329614
35.999999999999,0.000641626712347207,-0.140557638405466
36.024999999999,-0.000296004876484039,-0.138434551283532
36.049999999999,-0.00124170541212243,-0.136239404394026
36.074999999999,-0.00217450250295452,-0.134016263293915
36.099999999999,-0.00307317863662397,-0.131809059364814
36.124999999999,-0.00391675085817051,-0.12966068197426
36.149999999999,-0.0046849612960163,-0.127612099482763
36.174999999999,-0.00535876731940583,-0.125701527943957
36.199999999999,-0.00592081965888153,-0.123963665352798
36.224999999999,-0.00635591663397699,-0.122429007900038
36.249999999999,-0.00665142272668909,-0.12112326291941
36.274999999999,-0.00679764012647235,-0.120066871105212
36.299999999999,-0.00678812255680746,-0.119274647872614
36.324999999999,-0.0066199216717225,-0.118755553940886
36.349999999999,-0.00629375757248189,-0.118512595295719
36.374999999999,-0.00581410652164949,-0.118542848721239
36.399999999999,-0.00518920069797664,-0.118837639161523
36.424999999999,-0.00443093680768013,-0.119382829855873
36.449999999999,-0.00355469250535193,-0.120159235468675
36.474999999999,-0.00257905183445829,-0.121143147881394
36.499999999999,-0.00152544322113968,-0.122306959184838
36.524999999999,-0.000417695889521612,-0.123619867531511
36.549999999999,0.000718477147383333,-0.125048648788077
36.574999999999,0.00185605919100288,-0.126558475299082
36.599999999999,0.00296736071953695,-0.128113761886784
36.624999999999,0.00402468689996946,-0.129679018508439
36.649999999999,0.00500102615409502,-0.131219688799129
36.674999999999,0.00587074303643711,-0.1327029540579
36.699999999999,0.0066102579209783,-0.13409848308502
36.724999999999,0.00719869565600432,-0.135379109630344
36.749999999999,0.00761848546045094,-0.136521421034423
36.774999999999,0.00785589491858938,-0.137506243889336
36.799999999999,0.00790148198894457,-0.138319015158413
36.824999999999,0.0077504504713969,-0.138950030162086
36.849999999999,0.00740289635429609,-0.139394560806719
36.874999999999,0.0068639348585442,-0.139652843541208
36.899999999999,0.0061437007626327,-0.139729945450396
36.924999999999,0.0052572176738761,-0.139636724262289
36.949999999999,0.00422413523726615,-0.13938435986476
36.974999999999,0.00306833676538351,-0.138991678711887
36.999999999999,0.00181742334280655,-0.138479259969868
37.024999999999,0.000502084012329193,-0.137870121980859
37.049999999999,-0.000844634910278936,-0.137189003359936
37.074999999999,-0.00218814512126359,-0.13646160556975
37.099999999999,-0.00349319703023649,-0.135713818025096
37.124999999999,-0.00472480419104137,-0.134970947348236
37.149999999999,-0.00584918776814571,-0.134256972384909
37.174999999999,-0.00683471591216074,-0.133593845991006
37.199999999999,-0.00765281212633787,-0.133000863417579
37.224999999999,-0.00827880660580741,-0.132494115380172
37.249999999999,-0.00869270515668933,-0.132086041636002
37.274999999999,-0.00887985166757803,-0.13178509805757
37.299999999999,-0.00883146220562232,-0.131597835390662
37.324999999999,-0.00854501161599572,-0.131519583627077
37.3499999999989,-0.00802445696812898,-0.131547893656666
37.3749999999989,-0.00728028624413887,-0.131675585115634
37.3999999999989,-0.00632938521345091,-0.131890131163468
37.4249999999989,-0.00519472037294195,-0.132176263440519
37.4499999999989,-0.00390484102744227,-0.13251596350238
37.4749999999989,-0.00249320890107177,-0.132889088762281
37.4999999999989,-0.00099736895507963,-0.133274071930995
37.5249999999989,0.000542019814123934,-0.133648671551007
37.5499999999989,0.00208227007095235,-0.133990750890921
37.5749999999989,0.00357984055468588,-0.134279061287647
37.5999999999989,0.00499156783580345,-0.134494005548102
37.6249999999989,0.00627592122537251,-0.134618357277044
37.6499999999989,0.00739424473983952,-0.134638211579892
37.6749999999989,0.00831194911721317,-0.134543013075203
37.6999999999989,0.00899961704747246,-0.134325184562045
37.7249999999989,0.00943398606177281,-0.133983133355044
37.7499999999989,0.00959877593143292,-0.133519228665432
37.7749999999989,0.00948533093408331,-0.132940462151005
37.7999999999989,0.00909305189127322,-0.132258346673692
37.8249999999989,0.00842959837457339,-0.131488671422944
37.8499999999989,0.00751084778721006,-0.130651110308321
37.8749999999989,0.00636060499546474,-0.129768696152263
37.8999999999989,0.00501006362013966,-0.128867173901472
37.9249999999989,0.00349702779149995,-0.127974250567552
37.9499999999989,0.00186491089118788,-0.12711876316692
37.9749999999989,0.000161535310002582,-0.126329788913656
37.9999999999989,-0.00156223570511044,-0.125635724220564
38.0249999999989,-0.00325399670115165,-0.125063360595627
38.0499999999989,-0.00486138634824992,-0.12463698621825
38.0749999999989,-0.00633371437456181,-0.124377541802542
38.0999999999989,-0.00762357911270774,-0.124301857622478
38.1249999999989,-0.00868842422859059,-0.124420529570556
38.1499999999989,-0.00949198336408919,-0.124743271150151
38.1749999999989,-0.0100055632446019,-0.125269771117767
38.1999999999989,-0.0102091192921429,-0.125995267234165
38.2249999999989,-0.0100920829019184,-0.126909086776706
38.2499999999989,-0.00965390618661097,-0.127994789186618
38.2749999999989,-0.00890429801397333,-0.12923049639656
38.2999999999989,-0.00786313435326528,-0.130589386239449
38.3249999999989,-0.00656003604908752,-0.132040354022828
38.3499999999989,-0.00503361785946497,-0.133548817837396
38.3749999999989,-0.00333042359624431,-0.13507764688292
38.3999999999989,-0.00150357313259684,-0.136588186418953
38.4249999999989,0.000388842476722828,-0.138041349313517
38.4499999999989,0.00228557185522841,-0.139398741433316
38.4749999999989,0.00412416575811534,-0.140623786413692
38.4999999999989,0.00584302977438789,-0.141682814748258
38.5249999999989,0.00738350079791644,-0.142546082688806
38.5499999999989,0.00869187772927385,-0.143188688143732
38.5749999999989,0.00972133608133433,-0.143591354211644
38.5999999999989,0.0104336577648109,-0.143741049764489
38.6249999999989,0.0108007113700196,-0.143626618022833
38.6499999999989,0.0108056246992094,-0.143258436655744
38.6749999999989,0.0104436000149161,-0.142639252630212
38.6999999999989,0.00972233324260107,-0.141783445319623
38.7249999999989,0.00866201090618199,-0.14071182272083
38.7499999999989,0.00729487251239161,-0.139451046936203
38.7749999999989,0.00566434099637843,-0.138032879632048
38.7999999999989,0.0038237392045172,-0.136493269331845
38.8249999999989,0.00183462568940494,-0.134871308332066
38.8499999999989,-0.000235202227102148,-0.133208091593072
38.8749999999989,-0.00231397666061491,-0.131545513512185
38.8999999999989,-0.00432842538566113,-0.129925040883256
38.9249999999989,-0.00620635323835325,-0.128386501477535
38.9499999999989,-0.00787924894489995,-0.126966927480285
38.9749999999989,-0.00928482371961923,-0.125699491470935
38.9999999999989,-0.0103693873651148,-0.124612569776604
39.0249999999989,-0.0110899704449371,-0.123728963942829
39.0499999999989,-0.0114161074226887,-0.123065305473544
39.0749999999989,-0.0113312053793016,-0.122631666456022
39.0999999999989,-0.0108334358083298,-0.122431388137181
39.1249999999988,-0.00993610269392506,-0.122461096518548
39.1499999999988,-0.00866745812089655,-0.122711008568367
39.1749999999988,-0.00706995646372198,-0.123165375426235
39.1999999999988,-0.00519895907034685,-0.123803156638167
39.2249999999988,-0.00312092254424654,-0.124598844510803
39.2499999999988,-0.000911124435097286,-0.125523430688229
39.2749999999988,0.00134900044231544,-0.126545472274889
39.2999999999988,0.00357482253307981,-0.127632219613865
39.3249999999988,0.00568167393364415,-0.128750764259147
39.3499999999988,0.00758808276169062,-0.129869164917834
39.3749999999988,0.00921896281595618,-0.130957509985966
39.3999999999988,0.0105086335827014,-0.131988877748451
39.4249999999988,0.0114035482110554,-0.132940159279579
39.4499999999988,0.0118646145605313,-0.133792714422247
39.4749999999988,0.0118690067241818,-0.134532838158429
39.4999999999988,0.0114113812559553,-0.135152018718287
39.5249999999988,0.0105044331914562,-0.135646987687012
39.5499999999988,0.00917875117308238,-0.13601955327974
39.5749999999988,0.00748195773238024,-0.13627623180744
39.5999999999988,0.00547714906312544,-0.13642769481997
39.6249999999988,0.00324067734985622,-0.136488162911267
39.6499999999988,0.000859346742908716,-0.136474582446831
39.6749999999988,-0.00157287978566151,-0.13640456017806
39.6999999999988,-0.00395854236350293,-0.136297165037276
39.7249999999988,-0.00620057558187213,-0.136171304198517
39.7499999999988,-0.0082062760433587,-0.136044512562833
39.7749999999988,-0.00989118476569106,-0.135932058380206
39.7999999999988,-0.0111827214739877,-0.135846228154242
39.8249999999988,-0.0120234129317617,-0.135795741846734
39.8499999999988,-0.0123735693940427,-0.135785671982282
39.8749999999988,-0.0122132817838941,-0.135815721371516
39.8999999999988,-0.0115436367747943,-0.135882426133593
39.9249999999988,-0.0103870768012493,-0.135977877093272
39.9499999999988,-0.00878686605162149,-0.136090464511205
39.9749999999988,-0.00680566042529467,-0.136205482542882
39.9999999999988,-0.00452321778233331,-0.136305926864867
40.0249999999988,-0.00203332297183956,-0.136373382504055
40.0499999999988,0.000559961573722794,-0.136389025694353
40.0749999999988,0.00314657610832317,-0.136334401660319
40.0999999999988,0.00561510345216622,-0.136191874513814
40.1249999999988,0.00785757606607504,-0.135947367585893
40.1499999999988,0.00977424446415832,-0.135590389171098
40.1749999999988,0.0112780962945302,-0.135114524165119
40.1999999999988,0.0122989197907534,-0.134518253596581
40.2249999999988,0.0127867190282857,-0.133805349870741
40.2499999999988,0.0127143112674646,-0.132985041851459
40.2749999999988,0.0120789679605102,-0.132071932105068
40.2999999999988,0.0109029996639817,-0.131085674547436
40.3249999999988,0.00923322966499655,-0.130050410615637
40.3499999999988,0.0071393497990966,-0.128993986909063
40.3749999999988,0.00471120264129588,-0.127946982798352
40.3999999999988,0.00205508473588925,-0.126941586248434
40.4249999999988,-0.000710786547627249,-0.126010363702184
40.4499999999988,-0.00346145691211093,-0.125184975565527
40.4749999999988,-0.00607084821894815,-0.12449489232126
40.4999999999988,-0.00841755230587082,-0.123966167371387
40.5249999999988,-0.0103905408626124,-0.123620321269546
40.5499999999988,-0.0118945223380114,-0.123473387665389
40.5749999999988,-0.0128546850406299,-0.123534877716246
40.5999999999988,-0.0132205864327509,-0.123809756964956
40.6249999999988,-0.0129689816114036,-0.124291127112764
40.6499999999988,-0.0121054280199686,-0.124969487017674
40.6749999999988,-0.0106645568582385,-0.125827402708811
40.6999999999988,-0.00870896224699723,-0.126841447962464
40.7249999999988,-0.00632672429969523,-0.127983059714286
40.7499999999988,-0.00362764886615663,-0.129219607594475
40.7749999999988,-0.000738371643960532,-0.130515632937212
40.7999999999988,0.00220346565224801,-0.131834203538408
40.8249999999988,0.00505570746711676,-0.133138324549889
40.8499999999988,0.00767854440066374,-0.13439234277998
40.8749999999987,0.00994141301205601,-0.135563281532793
40.8999999999987,0.0117295952775957,-0.136622046019558
40.9249999999987,0.0129501819652999,-0.137544445211926
40.9499999999987,0.0135370855914583,-0.138311985176724
40.9749999999987,0.0134548266022786,-0.138912394677733
40.9999999999987,0.0127008697025668,-0.139339871838302
41.0249999999987,0.0113063537224775,-0.139595027561897
41.0499999999987,0.00933513519378188,-0.139684553326963
41.0749999999987,0.00688114936332245,-0.139621754733998
41.0999999999987,0.00406417866424899,-0.139421014809545
41.1249999999987,0.00102420333836936,-0.139103746389444
41.1499999999987,-0.00208541250605836,-0.138692823584116
41.1749999999987,-0.00510557794447458,-0.138212145472967
41.1999999999987,-0.00787960016168558,-0.137685497094809
41.2249999999987,-0.0102613660321354,-0.137135339675443
41.2499999999987,-0.012123153528564,-0.136581717574146
41.2749999999987,-0.0133626525350283,-0.13604133851686
41.2999999999987,-0.0139088035699692,-0.13552687407779
41.3249999999987,-0.013726113716925,-0.135046519382703
41.3499999999987,-0.0128171798440924,-0.134603825923628
41.3749999999987,-0.0112232369376415,-0.134197823531052
41.3999999999987,-0.00902264999439031,-0.133823419662483
41.4249999999987,-0.00632737645654158,-0.13347204954982
41.4499999999987,-0.00327753701648175,-0.133132541072367
41.4749999999987,-3.43397961851451e-05,-0.132792143328719
41.4999999999987,0.0032282996192658,-0.132437658396094
41.5249999999987,0.00633301779718758,-0.132056609350366
41.5499999999987,0.00910865681072102,-0.131638374774783
41.5749999999987,0.0113997888254259,-0.131175221028858
41.5999999999987,0.0130755806501366,-0.130663168240784
41.6249999999987,0.014037487621774,-0.130102635331231
41.6499999999987,0.0142253162153203,-0.129498821498284
41.6749999999987,0.013621272488278,-0.12886179464565
41.6999999999987,0.0122517155476014,-0.128206269773198
41.7249999999987,0.010186456794487,-0.127551093523338
41.7499999999987,0.00753558055877197,-0.126918447483694
41.7749999999987,0.00444390264790627,-0.126332813434881
41.7999999999987,0.00108332241245558,-0.125819753496467
41.8249999999987,-0.00235654695480724,-0.125404570581406
41.8499999999987,-0.00567897390927551,-0.125110922848872
41.8749999999987,-0.00869134763951584,-0.124959470062922
41.8999999999987,-0.011216423398851,-0.124966057480923
41.9249999999987,-0.0131029170942964,-0.125142926592018
41.9499999999987,-0.0142348105478182,-0.125494538476978
41.9749999999987,-0.0145387856723548,-0.126019254949196
41.9999999999987,-0.0139892991544128,-0.126708621333822
42.0249999999987,-0.0126109349324007,-0.12754753294904
42.0499999999987,-0.0104778235047917,-0.128514757440161
42.0749999999987,-0.00771008674901928,-0.129583772579292
42.0999999999987,-0.00446744490006269,-0.130723893465696
42.1249999999987,-0.000940298129213504,-0.131901623724415
42.1499999999987,0.00266124203479576,-0.1330821592898
42.1749999999987,0.00611975686526114,-0.134230962489398
42.1999999999987,0.00922363920923425,-0.135315319162377
42.2249999999987,0.0117801402958157,-0.136305791746654
42.2499999999987,0.013627538820387,-0.137177486728905
42.2749999999987,0.0146456567612215,-0.137911066045626
42.2999999999987,0.0147640260135346,-0.138493441352999
42.3249999999987,0.0139671358647165,-0.138918125258236
42.3499999999987,0.0122963574228282,-0.139185206023172
42.3749999999987,0.00984833837697116,-0.139300972324788
42.3999999999987,0.00676987857277569,-0.139277965364902
42.4249999999987,0.0032495207365765,-0.139131143410608
42.4499999999987,-0.000493692805079828,-0.138879919060777
42.4749999999987,-0.00422365159713329,-0.138546129933042
42.4999999999987,-0.00770199090313678,-0.138151544228834
42.5249999999987,-0.0107033687894551,-0.137716974158267
42.5499999999987,-0.0130302298316654,-0.137261009606717
42.5749999999987,-0.0145260830926705,-0.136798958845611
42.5999999999987,-0.015086390109884,-0.136342063747313
42.6249999999986,-0.0146662884935317,-0.135897042045008
42.6499999999986,-0.013284562147835,-0.135465977998935
42.6749999999986,-0.0110234998853282,-0.135046574272711
42.6999999999986,-0.00802454664981916,-0.134632743290871
42.7249999999986,-0.00447992932657922,-0.134215492061599
42.7499999999986,-0.000620714103140773,-0.133784040165467
42.7749999999986,0.00329799412413779,-0.13332708992936
42.7999999999986,0.00701378573193268,-0.13283415714514
42.8249999999986,0.0102745306426779,-0.132296865285143
42.8499999999986,0.0128556397509762,-0.131710107380406
42.8749999999986,0.0145758176083878,-0.131072987017858
42.8999999999986,0.0153101888179881,-0.130389466542859
42.9249999999986,0.0149998284015352,-0.129668665785121
42.9499999999986,0.0136569464354361,-0.128924782651447
42.9749999999986,0.0113652569085092,-0.128176623071834
42.9999999999986,0.00827538271819792,-0.127446777216542
43.0249999999986,0.00459549196233181,-0.126760476469645
43.0499999999986,0.000577701776727911,-0.126144208020251
43.0749999999986,-0.0034988993458564,-0.125624175534503
43.0999999999986,-0.00734749494340606,-0.125224707957851
43.1249999999986,-0.0106937396196575,-0.124966724166472
43.1499999999986,-0.0132954966683365,-0.124866358920589
43.1749999999986,-0.014960688498105,-0.124932812211234
43.1999999999986,-0.015561927967343,-0.125173341273188
43.2249999999986,-0.0150467923362966,-0.125580142540348
43.2499999999986,-0.013442884505243,-0.126144348237327
43.2749999999986,-0.0108571811995972,-0.126848942824516
43.2999999999986,-0.00746957141764161,-0.127671273426159
43.3249999999986,-0.00352091282077597,-0.128584282454908
43.3499999999986,0.000703651847632244,-0.129558005019388
43.3749999999986,0.00489500299584748,-0.130561230739235
43.3999999999986,0.00874255913634026,-0.131563216382537
43.4249999999986,0.0119573740014732,-0.13253533140152
43.4499999999986,0.0142940998297997,-0.133452522746335
43.4749999999986,0.0155701358495931,-0.134294499049393
43.4999999999986,0.015680444580594,-0.135046547943527
43.5249999999986,0.0146068031284688,-0.135699946285733
43.5499999999986,0.0124206449435832,-0.136251924539332
43.5749999999986,0.00927911362600875,-0.136705204744482
43.5999999999986,0.00541446124598914,-0.137067148549091
43.6249999999986,0.00111744141343553,-0.137348593046831
43.6499999999986,-0.00328416805403739,-0.137562465827645
43.6749999999986,-0.00745036565641888,-0.137722293604634
43.6999999999986,-0.0110551976889773,-0.13784072593314
43.7249999999986,-0.0138124787922364,-0.137928194321209
43.7499999999986,-0.0154989239639054,-0.137991819977574
43.7749999999986,-0.0159727996460595,-0.138034450055446
43.7999999999986,-0.0151865021614299,-0.138055072387795
43.8249999999986,-0.0131919096542458,-0.138048020495076
43.8499999999986,-0.0101378987653826,-0.138003751624759
43.8749999999986,-0.00626002958614239,-0.137909578463058
43.8999999999986,-0.00186303490749546,-0.1377511786781
43.9249999999986,0.00270264828223293,-0.137514352719943
43.9499999999986,0.00706854601282534,-0.137186007630953
43.9749999999986,0.0108778597606193,-0.13675588353617
43.9999999999986,0.0138148399897791,-0.136217919347044
44.0249999999986,0.0156313951863836,-0.135571339751679
44.0499999999986,0.0161686688699299,-0.134821365837739
44.0749999999986,0.0153716691084809,-0.133979475882679
44.0999999999986,0.0132955588551813,-0.133063186694562
44.1249999999986,0.0101028733921072,-0.132095349325841
44.1499999999986,0.00605167282913681,-0.131103022058015
44.1749999999986,0.00147540326875873,-0.130115984171212
44.1999999999986,-0.00324403431407676,-0.129165008831876
44.2249999999986,-0.00770788667624836,-0.128280026307133
44.2499999999986,-0.0115342407270458,-0.127488320939556
44.2749999999986,-0.0143909698178331,-0.126812904408333
44.2999999999986,-0.016025079975792,-0.126271194368234
44.3249999999986,-0.0162858308828356,-0.125874108010405
44.3499999999986,-0.0151394711251856,-0.125625634507272
44.3749999999986,-0.0126740961218931,-0.125522924176506
44.3999999999985,-0.00909395904599217,-0.125556047634094
44.4249999999985,-0.00470347319384116,-0.125712247417672
44.4499999999985,0.00011793858011002,-0.125973139106034
44.4749999999985,0.00494814679433535,-0.126318192947021
44.4999999999985,0.00935907547394999,-0.126726807676958
44.5249999999985,0.0129547479760112,-0.127179659610092
44.5499999999985,0.0154072399210227,-0.127660171530944
44.5749999999985,0.0164872516088916,-0.128155645149409
44.5999999999985,0.0160864041612832,-0.12865795513008
44.6249999999985,0.0142290319096144,-0.129163754055166
44.6499999999985,0.0110721374014116,-0.129674164927466
44.6749999999985,0.00689322112215137,-0.130193998094371
44.6999999999985,0.00206680482910332,-0.130730572521355
44.7249999999985,-0.00296846495905135,-0.131292255120513
44.7499999999985,-0.00774931901402838,-0.131886861874383
44.7749999999985,-0.0118304626461646,-0.13252007906379
44.7999999999985,-0.0148263673532984,-0.133194063433605
44.8249999999985,-0.0164483193379835,-0.133906363777204
44.8499999999985,-0.0165331209688527,-0.134649280058252
44.8749999999985,-0.0150605273324035,-0.135409736452805
44.8999999999985,-0.0121574862935153,-0.136169692973994
44.9249999999985,-0.00808845376668785,-0.136907082137463
44.9499999999985,-0.00323236868327107,-0.137597179136795
44.9749999999985,0.00195182811464117,-0.138214304642581
44.9999999999985,0.00696808645720511,-0.138733701681748
45.0249999999985,0.011330603316696,-0.139133417257113
45.0499999999985,0.0146111476577979,-0.139396015153429
45.0749999999985,0.0164817322056371,-0.139509954120854
45.0999999999985,0.016748334725248,-0.139469556214906
45.1249999999985,0.0153721301469891,-0.139279262428191
45.1499999999985,0.012475829139562,-0.138947530332568
45.1749999999985,0.00833412945568524,-0.138489957607613
45.1999999999985,0.00334884269863788,-0.137927019937762
45.2249999999985,-0.00198918982212311,-0.137282400057288
45.2499999999985,-0.00714788935607899,-0.136581098212428
45.2749999999985,-0.0116068567213618,-0.13584750398348
45.2999999999985,-0.0149101799057568,-0.135103614365571
45.3249999999985,-0.0167137594724023,-0.134367568017169
45.3499999999985,-0.0168221856560593,-0.133652640534339
45.3749999999985,-0.0152111313445921,-0.13296678145796
45.3999999999985,-0.0120326023387617,-0.132312744919942
45.4249999999985,-0.00760208403379596,-0.131688784101878
45.4499999999985,-0.00236847698724043,-0.131089828739109
45.4749999999985,0.00313046533995099,-0.130509012117349
45.4999999999985,0.0083228874533386,-0.129939378215952
45.5249999999985,0.0126622676233118,-0.129375577511128
45.5499999999985,0.0156853831970362,-0.128815359584044
45.5749999999985,0.0170626303247009,-0.128260691800308
45.5999999999985,0.0166351607986766,-0.127718370827955
45.6249999999985,0.0144345499100458,-0.127200047299491
45.6499999999985,0.0106824618616596,-0.126721641083239
45.6749999999985,0.0057698625124107,-0.12630220778673
45.6999999999985,0.000217529304291377,-0.125962355551265
45.7249999999985,-0.00537831014335331,-0.125722377309669
45.7499999999985,-0.0104096480804851,-0.125600291473114
45.7749999999985,-0.0143229348211293,-0.125609481300495
45.7999999999985,-0.0166806704236547,-0.125760516400509
45.8249999999985,-0.0172114430570355,-0.126051918712346
45.8499999999985,-0.0158425917383917,-0.126479411444092
45.8749999999985,-0.0127114398210393,-0.127030585524992
45.8999999999985,-0.00815332554864351,-0.127687019204214
45.9249999999985,-0.00266720951888104,-0.128425706120736
45.9499999999985,0.0031378123220981,-0.129220899687589
45.9749999999985,0.00860950671891254,-0.130046175929208
45.9999999999985,0.013125735445307,-0.130876496668898
46.0249999999985,0.0161657276554764,-0.13169005416716
46.0499999999985,0.0173711899993111,-0.132469693697204
46.0749999999985,0.0165899882239613,-0.133203780080346
46.0999999999985,0.0138969402599521,-0.133886404089797
46.1249999999985,0.00958875946526298,-0.13451692714074
46.1499999999984,0.00415311170090797,-0.135098925022773
46.1749999999984,-0.001785225733952,-0.135638668149132
46.1999999999984,-0.00753534362238645,-0.136143326718536
46.2249999999984,-0.0124203767362284,-0.136619123585368
46.2499999999984,-0.015857621328993,-0.137069665860288
46.2749999999984,-0.0174290845191673,-0.137494666173655
46.2999999999984,-0.0169338280695921,-0.137889218178411
46.3249999999984,-0.0144154050161587,-0.138243728386428
46.3499999999984,-0.0101604929996633,-0.138544530018621
46.3749999999984,-0.00466819544267483,-0.13877510810389
46.3999999999984,0.00140697758962761,-0.13891780738907
46.4249999999984,0.00733214842425241,-0.138956141983894
46.4499999999984,0.012384205810603,-0.138876598938601
46.4749999999984,0.0159384957077549,-0.138668212152354
46.4999999999984,0.0175471646012925,-0.138328828627311
46.5249999999984,0.016997223504874,-0.13786224711234
46.5499999999984,0.0143406394986023,-0.137279246715363
46.5749999999984,0.00989203321604101,-0.136596928255495
46.5999999999984,0.00419349237643073,-0.135837389237557
46.6249999999984,-0.00204986794135694,-0.135025876035426
46.6499999999984,-0.00805617241913861,-0.134188631755762
46.6749999999984,-0.0130644783440314,-0.133350692731086
46.6999999999984,-0.0164317455017643,-0.132533894009937
46.7249999999984,-0.0177166848263584,-0.131755327667381
46.7499999999984,-0.016739422072389,-0.131026419593548
46.7749999999984,-0.0136087170905713,-0.130352745691464
46.7999999999984,-0.00871244355784109,-0.129734587480452
46.8249999999984,-0.00267168469628352,-0.129168146205974
46.8499999999984,0.00373644500128352,-0.128647241794743
46.8749999999984,0.00967790369426566,-0.128165263402223
46.8999999999984,0.0143702583616269,-0.127717102424495
46.9249999999984,0.0171865638443764,-0.127300798219102
46.9499999999984,0.0177407169394627,-0.126918667559361
46.9749999999984,0.0159424934959936,-0.126577749738093
46.9999999999984,0.0120141961641256,-0.126289491068958
47.0249999999984,0.00646576399670593,-0.126068704488474
47.0499999999984,3.07018888916202e-05,-0.125931925021154
47.0749999999984,-0.00642944709254314,-0.125895048371729
47.0999999999984,-0.0120398751906561,-0.125971459827833
47.1249999999984,-0.0160313515643382,-0.126172126403833
47.1499999999984,-0.0178469720694237,-0.126500592103949
47.1749999999984,-0.0172218666048048,-0.126950813225116
47.1999999999984,-0.0142242268773646,-0.127513398231176
47.2249999999984,-0.00925105155167401,-0.128171479723761
47.2499999999984,-0.00297812135762243,-0.128903368566973
47.2749999999984,0.00372990278455883,-0.129684558473092
47.2999999999984,0.00993760719833368,-0.130490019944859
47.3249999999984,0.0147692258740553,-0.131296481798912
47.3499999999984,0.0175331796693451,-0.132084398726685
47.3749999999984,0.0178229452606155,-0.132839338864292
47.3999999999984,0.0155793214465669,-0.133552624692561
47.4249999999984,0.0111042686316676,-0.134221137220762
47.4499999999984,0.00502318270242613,-0.134846334312441
47.4749999999984,-0.00180018213694016,-0.135432638258317
47.4999999999984,-0.00838494874388478,-0.135985441293023
47.5249999999984,-0.0137737452170158,-0.136509032519186
47.5499999999984,-0.0171726599353939,-0.137004765396293
47.5749999999984,-0.0180699963630507,-0.137469750045401
47.5999999999984,-0.0163158497283205,-0.137896281301137
47.6249999999984,-0.0121498188328238,-0.138272104915817
47.6499999999984,-0.00617151188506988,-0.138581506126284
47.6749999999984,0.000743116932068445,-0.1388070637746
47.6999999999984,0.00756837201754559,-0.138931832917964
47.7249999999984,0.0132803685721134,-0.138942007170911
47.7499999999984,0.0170112739157266,-0.138827578882862
47.7749999999984,0.0181829521689712,-0.138584932902807
47.7999999999984,0.0165992110546089,-0.13821986268193
47.8249999999984,0.0124815927658016,-0.137742577581127
47.8499999999984,0.0064418885551526,-0.137169991838682
47.8749999999984,-0.000605891191814197,-0.136523143486849
47.8999999999984,-0.00758192460585244,-0.135824930820408
47.9249999999983,-0.013405350008931,-0.135097695458947
47.9499999999983,-0.0171624114133535,-0.134361006503327
47.9749999999983,-0.0182517652482082,-0.133629978965975
47.9999999999983,-0.0164835954716286,-0.132914358174269
48.0249999999983,-0.0121158218161131,-0.13221851270162
48.0499999999983,-0.00582018487015083,-0.131542312629111
48.0749999999983,0.00141805758540575,-0.130882740007158
48.0999999999983,0.00845238491589959,-0.130235956130082
48.1249999999983,0.0141560515736636,-0.129599478543685
48.1499999999983,0.0176034657682245,-0.128974097885715
48.1749999999983,0.0182226220209686,-0.128365204626787
48.1999999999983,0.0158931857035086,-0.12778328551216
48.2249999999983,0.0109729781753467,-0.12724348777085
48.2499999999983,0.00424684569182349,-0.126764289848809
48.2749999999983,-0.00319552306442412,-0.126365487615462
48.2999999999983,-0.0101343667038434,-0.126065793440254
48.3249999999983,-0.0154195250606861,-0.125880433163404
48.3499999999983,-0.0181624273562728,-0.125819130427069
48.3749999999983,-0.0178881853875471,-0.125884800084477
48.3999999999983,-0.0146213775963132,-0.126073153706422
48.4249999999983,-0.00888953757716228,-0.126373346170879
48.4499999999983,-0.00164182321467738,-0.126769484650869
48.4749999999983,0.00590533783668946,-0.127242804271805
48.4999999999983,0.0124710660915815,-0.127774142982305
48.5249999999983,0.0169277840637955,-0.128346307228709
48.5499999999983,0.0184968871461933,-0.128945932666448
48.5749999999983,0.016888097195607,-0.129564546587119
48.5999999999983,0.0123570677973307,-0.130198648504046
48.6249999999983,0.0056693164488082,-0.130848816942981
48.6499999999983,-0.0020254232278608,-0.131518009673296
48.6749999999983,-0.00938852706395469,-0.132209373295122
48.6999999999983,-0.015124774026227,-0.132923964419501
48.7249999999983,-0.0182114657933788,-0.13365880488716
48.7499999999983,-0.0180836856576328,-0.134405641538133
48.7749999999983,-0.0147416984819273,-0.135150659925171
48.7999999999983,-0.0087594766398816,-0.135875231297383
48.8249999999983,-0.00119050701081943,-0.136557600326307
48.8499999999983,0.00661455761768193,-0.137175224063775
48.8749999999983,0.0132474845497242,-0.137707384810309
48.8999999999983,0.0174971145393577,-0.138137621272607
48.9249999999983,0.0185730022807339,-0.138455553412723
48.9499999999983,0.0162563758808375,-0.138657433178043
48.9749999999983,0.0109489674025891,-0.138747436911953
48.9999999999983,0.0036083152656781,-0.138734786395921
49.0249999999983,-0.00442112549698101,-0.138631234262426
49.0499999999983,-0.011652076331539,-0.13845031972559
49.0749999999983,-0.0167298894456913,-0.138204826576504
49.0999999999983,-0.0186884303401405,-0.13790376564961
49.1249999999983,-0.0171377433649761,-0.137551670669796
49.1499999999983,-0.0123464238047135,-0.137148506578979
49.1749999999983,-0.00520060168412865,-0.136690647473739
49.1999999999983,0.00295552237650139,-0.136172725278739
49.2249999999983,0.0105698319881394,-0.135589988360287
49.2499999999983,0.0161771848468006,-0.134940703730196
49.2749999999983,0.0186831849311619,-0.134228122767497
49.2999999999983,0.0175816063614106,-0.133461605062708
49.3249999999983,0.0130616342893207,-0.132656654614651
49.3499999999983,0.0059814140599699,-0.131833820366404
49.3749999999983,-0.00229001772370322,-0.131016656311711
49.3999999999983,-0.0101343651441554,-0.130229091435147
49.4249999999983,-0.0159999627612762,-0.129492698352017
49.4499999999983,-0.0187104932720372,-0.128824375031702
49.4749999999983,-0.0177048497736319,-0.128234857499991
49.4999999999983,-0.0131585524035108,-0.127728353625256
49.5249999999983,-0.00595957591655002,-0.12730334248533
49.5499999999983,0.00245992018114256,-0.126954367621347
49.5749999999983,0.0104052318331748,-0.126674443532356
49.5999999999983,0.0162594909606409,-0.126457577985813
49.6249999999983,0.0188146642544872,-0.126301655538699
49.6499999999983,0.0175251085260262,-0.126206673988569
49.6749999999982,0.0126297046312854,-0.126179341007138
49.6999999999982,0.00511428418699201,-0.126228379090479
49.7249999999982,-0.00348156120796331,-0.126365877795203
49.7499999999982,-0.0113766565458774,-0.126600970790215
49.7749999999982,-0.0169168768149018,-0.12693969114853
49.7999999999982,-0.0189241395268922,-0.127382329313826
49.8249999999982,-0.0169517231031008,-0.127922348909016
49.8499999999982,-0.0113896946213954,-0.128546515795523
49.8749999999982,-0.00339456761712367,-0.129236247679672
49.8999999999982,0.00534587026451432,-0.129969912070766
49.9249999999982,0.0129659896522538,-0.130725626140668
49.9499999999982,0.0178207196860531,-0.131483985032788
49.9749999999982,0.0188439080067681,-0.132230156160726
49.9999999999982,0.0157880012971128,-0.132954928259327
