0,0.02,-2.66896729331556e-07
0.025,0.00325028734465174,-3.90343416748696e-06
0.05,0.000526459478012019,-1.70926424146213e-05
0.075,8.24653654806391e-05,-4.66419771709915e-05
0.1,9.03998002594122e-06,-9.93406082219982e-05
0.125,-4.15863884552919e-06,-0.000181595426323107
0.15,-7.57506413343392e-06,-0.00029930185249204
0.175,-9.40877561814504e-06,-0.0004579014259304
0.2,-1.09925113940916e-05,-0.000662247374064463
0.225,-1.2542851655771e-05,-0.000916534969321207
0.25,-1.40949488924742e-05,-0.0012242413605698
0.275,-1.56544638473741e-05,-0.00158807568652739
0.3,-1.72222619738878e-05,-0.00200994017198642
0.325,-1.87984277124804e-05,-0.00249090275727917
0.35,-2.03829169770527e-05,-0.00303118164764657
0.375,-2.19756631979554e-05,-0.00363014199908704
0.4,-2.35765945433564e-05,-0.00428630478401112
0.425,-2.51856367031594e-05,-0.00499736770620146
0.45,-2.68027133261024e-05,-0.00576023786266418
0.475,-2.84277460753657e-05,-0.00657107568240427
0.5,-3.00606546225143e-05,-0.00742534951134368
0.525,-3.17013566308658e-05,-0.00831790006081527
0.55,-3.33497677379099e-05,-0.00924301379646777
0.575,-3.50058015369803e-05,-0.0101945042170105
0.6,-3.6669369559178e-05,-0.0111657998598381
0.625,-3.83403812553168e-05,-0.012150037774803
0.65,-4.00187439779445e-05,-0.0131401611296288
0.675,-4.17043629633712e-05,-0.0141290195517956
0.7,-4.33971413138605e-05,-0.0151094707730107
0.725,-4.50969799797897e-05,-0.0160744821241835
0.75,-4.68037777420181e-05,-0.0170172304313862
0.775,-4.85174311942276e-05,-0.0179311988865745
0.8,-5.02378347254431e-05,-0.018810269510525
0.825,-5.19648805026654e-05,-0.0196488098888776
0.85,-5.36984584534744e-05,-0.0204417529444304
0.875,-5.54384562489428e-05,-0.0211846686087388
0.9,-5.71847592865417e-05,-0.0218738263721642
0.925,-5.89372506731717e-05,-0.0225062478221434
0.950000000000001,-6.06958112083986e-05,-0.0230797484227136
0.975000000000001,-6.24603193678207e-05,-0.0235929679421896
1,-6.42306512864538e-05,-0.0240453890981396
1.025,-6.60066807424142e-05,-0.0244373441571337
1.05,-6.77882791407548e-05,-0.0247700093987403
1.075,-6.95753154973805e-05,-0.0250453875264791
1.1,-7.13676564231651e-05,-0.0252662782804379
1.125,-7.31651661082938e-05,-0.0254362376745799
1.15,-7.49677063067306e-05,-0.0255595264440217
1.175,-7.67751363209175e-05,-0.0256410484414325
1.2,-7.85873129867318e-05,-0.0256862798650131
1.225,-8.04040906585111e-05,-0.0257012895326659
1.25,-8.22253211943957e-05,-0.0256923218845143
1.275,-8.40508539419124e-05,-0.0256660286755253
1.3,-8.58805357236599e-05,-0.0256293103720421
1.325,-8.77142108234689e-05,-0.0255892295268705
1.35,-8.95517209725701e-05,-0.0255528534434117
1.375,-9.13929053361039e-05,-0.0255271326074784
1.4,-9.32376004999791e-05,-0.0255188335660321
1.425,-9.50856404579488e-05,-0.0255344942847578
1.45,-9.69368565988844e-05,-0.0255803061704081
1.475,-9.87910776944489e-05,-0.025662076868362
1.5,-0.000100648129887006,-0.025784822075545
1.525,-0.00010250783667802,-0.0259530588189504
1.55,-0.00010437001891634,-0.0261706225042758
1.575,-0.000106234494787413,-0.0264406117682931
1.6,-0.000108101079802234,-0.0267653438698852
1.625,-0.000109969586787131,-0.0271463212540345
1.65,-0.000111839825873525,-0.027584209763352
1.675,-0.000113711604488437,-0.0280788288053212
1.7,-0.000115584727344933,-0.0286291536126735
1.725,-0.000117458996433308,-0.0292333295616381
1.75,-0.000119334211012543,-0.0298886983406718
1.775,-0.000121210167602113,-0.0305918355931297
1.8,-0.00012308665997433,-0.031338599493575
1.825,-0.000124963479146881,-0.0321241895613972
1.85,-0.000126840413376197,-0.032943214869309
1.875,-0.000128717248150813,-0.0337897706702409
1.9,-0.000130593766185624,-0.0346575223460295
1.925,-0.000132469747416149,-0.0355397954768579
1.95,-0.000134344968993696,-0.0364296707431243
1.975,-0.000136219205280778,-0.0373200823025669
2,-0.00013809222784718,-0.0382039182360318
2.025,-0.000139963805466253,-0.039074121625966
2.05,-0.000141833704112117,-0.0399237908229689
2.075,-0.000143701686957137,-0.0407462774676524
2.1,-0.000145567514370049,-0.0415352808674982
2.125,-0.000147430943914586,-0.0422849373808562
2.15,-0.000149291730348713,-0.0429899035319689
2.175,-0.000151149625624543,-0.0436454316708714
2.2,-0.000153004378888589,-0.0442474370989172
2.225,-0.00015485573648287,-0.0447925557029714
2.25,-0.00015670344194656,-0.0452781912772321
2.275,-0.000158547236018273,-0.0457025518592337
2.3,-0.000160386856638869,-0.0460646745637484
2.325,-0.000162222038955124,-0.0463636588265927
2.35,-0.000164052515324043,-0.046601805879792
2.375,-0.000165878015317564,-0.0467798807154475
2.4,-0.000167698265728449,-0.0469002458847933
2.425,-0.000169512990576397,-0.0469660381673186
2.45,-0.000171321911115253,-0.0469811229803123
2.475,-0.000173124745840698,-0.0469501859546206
2.5,-0.000174921210498865,-0.0468780564878789
2.525,-0.000176711018095558,-0.0467705790436635
2.54999999999999,-0.000178493878906448,-0.0466338828340628
2.57499999999999,-0.000180269500487851,-0.0464744597876234
2.59999999999999,-0.000182037587688366,-0.0462990711170197
2.62499999999999,-0.000183797842661496,-0.0461146500630009
2.64999999999999,-0.00018554996487889,-0.0459282022059647
2.67499999999999,-0.000187293651144472,-0.045746704771024
2.69999999999999,-0.000189028595609528,-0.0455770063665523
2.72499999999999,-0.000190754489788517,-0.0454257285896927
2.74999999999999,-0.000192471022576027,-0.045299170905304
2.77499999999999,-0.000194177880264199,-0.0452032201576811
2.79999999999999,-0.000195874746561598,-0.0451432660078063
2.82499999999999,-0.000197561302612493,-0.0451241235038361
2.84999999999999,-0.000199237227017521,-0.0451498760023374
2.87499999999999,-0.000200902195854962,-0.0452241619031841
2.89999999999999,-0.000202555882703339,-0.0453496134288018
2.92499999999999,-0.000204197958664496,-0.0455281517066065
2.94999999999999,-0.000205828092388316,-0.0457619937170741
2.97499999999999,-0.000207445950097968,-0.046050161391
2.99999999999999,-0.000209051195616206,-0.0463911585140002
3.02499999999999,-0.00021064349039321,-0.0467845899533154
3.04999999999999,-0.000212222493534754,-0.0472282353156136
3.07499999999999,-0.000213787861832009,-0.0477190935053792
3.09999999999999,-0.000215339249792279,-0.0482534253845869
3.12499999999999,-0.000216876309670655,-0.0488268069802912
3.14999999999999,-0.000218398691503066,-0.0494341924769979
3.17499999999999,-0.000219906043140301,-0.0500699860908658
3.19999999999999,-0.000221398010283166,-0.0507281217958744
3.22499999999999,-0.000222874236518926,-0.0514021497599228
3.24999999999999,-0.000224334363358839,-0.0520853282529948
3.27499999999999,-0.000225778030276774,-0.0527707197114266
3.29999999999999,-0.000227204874749334,-0.0534512895830609
3.32499999999999,-0.000228614532296833,-0.054120006538534
3.34999999999999,-0.000230006636525897,-0.0547699426146807
3.37499999999999,-0.000231380819172827,-0.0553943718573382
3.39999999999999,-0.000232736710148816,-0.0559868660526657
3.42499999999999,-0.000234073937585907,-0.0565413861781444
3.44999999999999,-0.000235392127884544,-0.0570523682660795
3.47499999999999,-0.000236690905762386,-0.0575148024527899
3.49999999999999,-0.000237969894304376,-0.0579243040845769
3.52499999999999,-0.00023922871501416,-0.0582771758655971
3.54999999999999,-0.000240466987866931,-0.0585704601612699
3.57499999999999,-0.000241684331363469,-0.058801980711993
3.59999999999999,-0.000242880362585802,-0.0589703731244137
3.62499999999999,-0.000244054697253989,-0.0590739249163272
3.64999999999999,-0.00024520694978455,-0.0591153192744784
3.67499999999999,-0.000246336733350085,-0.0590945085943307
3.69999999999999,-0.000247443659940467,-0.0590134459300815
3.72499999999999,-0.000248527340425486,-0.0588748711545348
3.74999999999999,-0.000249587384618893,-0.0586822718765485
3.77499999999999,-0.000250623401343839,-0.0584398328283572
3.79999999999999,-0.000251634998499918,-0.0581523754809938
3.82499999999999,-0.000252621783131783,-0.0578252885753571
3.84999999999999,-0.000253583361498943,-0.0574644505653194
3.87499999999999,-0.000254519339147357,-0.057076145084758
3.89999999999999,-0.000255429320982542,-0.0566669706499534
3.92499999999999,-0.000256312911344036,-0.0562437458910162
3.94999999999999,-0.00025716971408163,-0.0558134116696844
3.97499999999999,-0.000257999332633007,-0.0553829314850684
3.99999999999999,-0.000258801370102948,-0.0549591915930673
4.02499999999999,-0.000259575429344293,-0.0545489022689124
4.04999999999999,-0.000260321113040316,-0.0541585016255199
4.07499999999999,-0.00026103802378874,-0.0537940633633496
4.09999999999999,-0.000261725764187426,-0.0534612097707725
4.12499999999999,-0.000262383936921602,-0.0531650312183831
4.14999999999999,-0.000263012144852884,-0.0529100132973521
4.17499999999999,-0.000263609991109642,-0.0526999726421406
4.19999999999999,-0.000264177079179271,-0.0525380023532776
4.22499999999999,-0.000264713013002033,-0.0524264277982356
4.24999999999999,-0.000265217397066601,-0.052366773435355
4.27499999999999,-0.000265689836507118,-0.0523607180586869
4.29999999999999,-0.000266129937202108,-0.0524061592889978
4.32499999999999,-0.000266537305875142,-0.0525031151314409
4.34999999999999,-0.000266911550196652,-0.0526498081478932
4.37499999999999,-0.00026725227888838,-0.0528436699310229
4.4,-0.000267559101828529,-0.0530813780829525
4.425,-0.000267831630159268,-0.0533589038946027
4.45,-0.000268069476395904,-0.0536715701265218
4.475,-0.000268272254537149,-0.0540141180614512
4.5,-0.000268439580178139,-0.0543807828663907
4.525,-0.000268571070624104,-0.0547653761832236
4.55,-0.000268666345006495,-0.0551613747637664
4.575,-0.000268725024400555,-0.0555620138788778
4.6,-0.000268746731944496,-0.0559603841632629
4.625,-0.000268731092960714,-0.0563495305088023
4.65,-0.000268677735078421,-0.0567225515903276
4.675,-0.000268586288358113,-0.0570726985991828
4.7,-0.000268456385417789,-0.0573934717717515
4.725,-0.000268287661560906,-0.0576787133322286
4.75,-0.00026807975490579,-0.0579226955208083
4.775,-0.000267832306517256,-0.0581202024493595
4.8,-0.000267544960539419,-0.0582666046155707
4.825,-0.000267217364330325,-0.0583579250121424
4.85,-0.000266849168598761,-0.0583908958883789
4.875,-0.000266440027541819,-0.0583630054191061
4.9,-0.000265989598985219,-0.0582725331601282
4.925,-0.00026549754452432,-0.0581172721439079
4.95,-0.000264963529667431,-0.0578995702032946
4.975,-0.000264387223980601,-0.0576192818847993
5,-0.000263768301234008,-0.0572777795080586
5.025,-0.000263106439549873,-0.0568774320773919
5.05,-0.000262401321552259,-0.0564213706444641
5.075,-0.000261652634518265,-0.0559134434543699
5.1,-0.000260860070530926,-0.0553581608615209
5.12500000000001,-0.000260023326633595,-0.0547606308071689
5.15000000000001,-0.000259142104985901,-0.054126485785123
5.17500000000001,-0.000258216113021374,-0.0534618023436528
5.20000000000001,-0.000257245063606424,-0.052773014277986
5.22500000000001,-0.000256228675200974,-0.0520668207576758
5.25000000000001,-0.00025516667202039,-0.0513500907051514
5.27500000000001,-0.00025405878419915,-0.0506297647949375
5.30000000000001,-0.000252904747955668,-0.0499127564765711
5.32500000000001,-0.000251704305758793,-0.0492058534376837
5.35000000000001,-0.000250457206495492,-0.0485156209168641
5.37500000000001,-0.000249163205640019,-0.0478483082488734
5.40000000000001,-0.000247822065424428,-0.0472097599779485
5.42500000000001,-0.00024643355501042,-0.0466053328089967
5.45000000000001,-0.000244997450662388,-0.0460398195823878
5.47500000000001,-0.00024351353592178,-0.0455173813570428
5.50000000000001,-0.000241981601782666,-0.0450414885700269
5.52500000000001,-0.000240401446868611,-0.0446148721105903
5.55000000000001,-0.000238772877610531,-0.0442394850044202
5.57500000000001,-0.000237095708425767,-0.0439164752518109
5.60000000000001,-0.000235369761898327,-0.0436461702037281
5.62500000000001,-0.000233594868959993,-0.0434280728786071
5.65000000000001,-0.000231770869072652,-0.0432608692312339
5.67500000000001,-0.000229897610411403,-0.0431424486880251
5.70000000000001,-0.000227974950048757,-0.0430699346449392
5.72500000000001,-0.00022600275413971,-0.0430397265727081
5.75000000000001,-0.000223980898107507,-0.0430474468935036
5.77500000000001,-0.000221909266830323,-0.0430883307154577
5.80000000000001,-0.000219787754828851,-0.0431570826474584
5.82500000000002,-0.000217616266454211,-0.0432476871992049
5.85000000000002,-0.000215394716076931,-0.0433538865537209
5.87500000000002,-0.000213123028276177,-0.0434691373886469
5.90000000000002,-0.000210801138029822,-0.0435867052161707
5.92500000000002,-0.000208428990904777,-0.0436997614341226
5.95000000000002,-0.000206006543247985,-0.0438014816991322
5.97500000000002,-0.000203533762377523,-0.043885144214424
6.00000000000002,-0.000201010626774294,-0.0439442265266754
6.02500000000002,-0.000198437126273937,-0.0439725190485395
6.05000000000002,-0.000195813262258579,-0.0439643350203181
6.07500000000002,-0.000193139047849364,-0.0439140943336078
6.10000000000002,-0.000190414508098511,-0.0438168433319479
6.12500000000002,-0.000187639680181508,-0.0436684977235333
6.15000000000002,-0.00018481461358949,-0.0434655124442341
6.17500000000002,-0.000181939370321012,-0.0432050690685287
6.20000000000002,-0.000179014025074205,-0.0428851166680646
6.22500000000002,-0.00017603866543808,-0.0425044016979311
6.25000000000002,-0.000173013392083789,-0.0420624864884354
6.27500000000002,-0.000169938318955457,-0.0415597560831847
6.30000000000002,-0.000166813573460229,-0.0409974133308936
6.32500000000002,-0.000163639296658212,-0.0403774623061712
6.35000000000002,-0.000160415643451112,-0.0397026803012212
6.37500000000002,-0.00015714278277066,-0.0389765787935312
6.40000000000002,-0.00015382089776584,-0.038203353951913
6.42500000000002,-0.000150450185989394,-0.0373878273924609
6.45000000000002,-0.000147030859583078,-0.0365353780349743
6.47500000000002,-0.000143563145462045,-0.0356518660371946
6.50000000000002,-0.000140047285497769,-0.0347435498969865
6.52500000000003,-0.000136483536699854,-0.033816997909791
6.55000000000003,-0.000132872171396403,-0.0328789952488512
6.57500000000003,-0.000129213477412751,-0.0319364479977534
6.60000000000003,-0.000125507758248676,-0.0309962855078359
6.62500000000003,-0.000121755333254064,-0.0300653624763712
6.65000000000003,-0.000117956537802333,-0.0291503621448218
6.67500000000003,-0.000114111723462523,-0.0282577019998318
6.70000000000003,-0.00011022125816874,-0.0273934433232227
6.72500000000003,-0.000106285526388021,-0.0265632058816221
6.75000000000003,-0.000102304929285538,-0.0257720889722952
6.77500000000003,-9.82798848875865e-05,-0.0250245999503415
6.80000000000003,-9.42108282422083e-05,-0.0243245912549759
6.82500000000003,-9.00982115770756e-05,-0.0236752068307057
6.85000000000003,-8.59425044545531e-05,-0.0230788387045805
6.87500000000003,-8.17441939243747e-05,-0.0225370943352661
6.90000000000003,-7.75037846727465e-05,-0.0220507751955758
6.92500000000003,-7.3221799168792e-05,-0.0216198668894633
6.95000000000003,-6.88987778077188e-05,-0.0212435409396498
6.97500000000003,-6.4535279050499e-05,-0.0209201682153656
7.00000000000003,-6.01318795603323e-05,-0.0206473438035064
7.02500000000003,-5.56891743351724e-05,-0.0204219229632043
7.05000000000003,-5.12077768368285e-05,-0.0202400676457058
7.07500000000003,-4.6688319116011e-05,-0.0200973029108
7.10000000000003,-4.21314519335539e-05,-0.0199885824299724
7.12500000000003,-3.75378448772314e-05,-0.0199083621370034
7.15000000000003,-3.29081864745631e-05,-0.0198506809707176
7.17500000000003,-2.82431843009918e-05,-0.0198092443384349
7.20000000000003,-2.35435650836682e-05,-0.0197775214163618
7.22500000000004,-1.88100748003683e-05,-0.0197488915071139
7.25000000000004,-1.40434787736232e-05,-0.0197166457667275
7.27500000000004,-9.24456175988367e-06,-0.0196740839737183
7.30000000000004,-4.41412803341493e-06,-0.0196146107838303
7.32500000000004,4.46998534946869e-07,-0.0195319706976068
7.35000000000004,5.33797440462058e-06,-0.0194202129261954
7.37500000000004,1.02579362977646e-05,-0.0192738036750494
7.40000000000004,1.52060011373092e-05,-0.0190877083698814
7.42500000000004,2.01812659911295e-05,-0.0188574648494623
7.45000000000004,2.51828080222137e-05,-0.0185792483644147
7.47500000000004,3.02096844450109e-05,-0.0182499274570232
7.50000000000004,3.52609324883318e-05,-0.0178671099276884
7.52500000000004,4.03355693645406e-05,-0.0174291782355195
7.55000000000004,4.54325922457539e-05,-0.0169353138316393
7.57500000000004,5.05509782467578e-05,-0.016385510081933
7.60000000000004,5.5689684415057e-05,-0.0157805735989302
7.62500000000004,6.08476477279157e-05,-0.0151221139679617
7.65000000000004,6.60237850971003e-05,-0.0144125220183209
7.67500000000004,7.1216993380939e-05,-0.0136549369535369
7.70000000000004,7.64261494040665e-05,-0.012853202813701
7.72500000000004,8.16501099852665e-05,-0.0120118148948417
7.75000000000004,8.68877119730715e-05,-0.0111358568934355
7.77500000000004,9.21377722896931e-05,-0.0102309296762486
7.80000000000004,9.73990879834935e-05,-0.00930307269494204
7.82500000000004,0.000102670436289705,-0.00835867916953554
7.85000000000004,0.00010795057470003,-0.00740440625342292
7.87500000000004,0.000113238241041154,-0.00644708146389447
7.90000000000004,0.00011853215356223,-0.0054936067150286
7.92500000000005,0.000123831011031555,-0.00455086132360879
7.95000000000005,0.000129133492842801,-0.00362560537292094
7.97500000000005,0.000134438259130634,-0.0027243848136927
8.00000000000005,0.000139743950896155,-0.00185343965612747
8.02500000000005,0.000145049190142209,-0.00101861656234417
8.05000000000005,0.000150352580018751,-0.000225287085196123
8.07500000000005,0.000155652704978443,0.000521727281660817
8.10000000000005,0.000160948130942678,0.00121822217529181
8.12500000000005,0.000166237405478161,0.00186066860232804
8.15000000000005,0.000171519057984192,0.00244626151732933
8.17500000000005,0.000176791599890789,0.00297295805106604
8.20000000000005,0.000182053524868116,0.00343950484710296
8.22500000000005,0.000187303309046597,0.00384545412070091
8.25000000000005,0.000192539411249176,0.00419116821511846
8.27500000000005,0.000197760273234253,0.00447781259460359
8.30000000000005,0.000202964319951079,0.00470733737837519
8.32500000000005,0.000208149959806354,0.00488244768336333
8.35000000000005,0.000213315584943294,0.00500656320307951
8.37500000000005,0.000218459571532627,0.00508376760345893
8.40000000000005,0.000223580280075734,0.00511874846167012
8.42500000000005,0.00022867605572071,0.00511686622935195
8.45000000000005,0.000233745228590427,0.00508362296944392
8.47500000000005,0.000238786114123681,0.0050249716067866
8.50000000000005,0.000243797013429246,0.00494739366106709
8.52500000000005,0.000248776213652392,0.00485744182518599
8.55000000000005,0.000253721988355382,0.00476175983940094
8.57500000000005,0.000258632597910457,0.00466699597371184
8.60000000000005,0.000263506289906535,0.00457970662584965
8.62500000000006,0.00026834129956946,0.00450626127210992
8.65000000000006,0.000273135850195717,0.00445275012831216
8.67500000000006,0.000277888153599795,0.00442488582215864
8.70000000000006,0.000282596410575755,0.0044278189637266
8.72500000000006,0.000287258811372352,0.00446642796915568
8.75000000000006,0.000291873536182367,0.00454497371459737
8.77500000000006,0.000296438755646127,0.0046668394070482
8.80000000000006,0.000300952631368871,0.0048348099483566
8.82500000000006,0.000305413316453189,0.00505092166989048
8.85000000000006,0.000309818956045116,0.00531643214884765
8.87500000000006,0.000314167687894832,0.00563180116917639
8.90000000000006,0.00031845764293229,0.00599668309608183
8.92500000000006,0.000322686945857036,0.00640993077012806
8.95000000000006,0.000326853715742774,0.00686961086251843
8.97500000000006,0.000330956066656674,0.00737303046958717
9.00000000000006,0.000334992108293511,0.00791677456418704
9.02500000000006,0.000338959946624261,0.00849675376679345
9.05000000000006,0.000342857684559935,0.00910826175196535
9.07500000000006,0.000346683422629898,0.00974604146840527
9.10000000000006,0.000350435259675062,0.0104043592252092
9.12500000000006,0.000354111293556409,0.0110770855847773
9.15000000000006,0.000357709621877488,0.0117577819058797
9.17500000000006,0.000361228342722519,0.0124397912999338
9.20000000000006,0.000364665555408956,0.0131163327007866
9.22500000000006,0.000368019361254976,0.0137805967041301
9.25000000000006,0.000371287864361827,0.0144258418077343
9.27500000000006,0.000374469172410199,0.0150454896783134
9.30000000000006,0.00037756139747258,0.0156332180851352
9.32500000000007,0.000380562656838665,0.0161830501742159
9.35000000000007,0.000383471073856874,0.0166894388096353
9.37500000000007,0.000386284778788735,0.0171473447793837
9.40000000000007,0.000389001909679009,0.0175523077511979
9.42500000000007,0.000391620613239049,0.0179005089677802
9.45000000000007,0.00039413904574489,0.0181888247891183
9.47500000000007,0.000396555373949113,0.018414870320651
9.50000000000007,0.000398867776006812,0.0185770324933038
9.52500000000007,0.000401074442414752,0.0186731656082773
9.55000000000007,0.000403173576964746,0.018705923858607
9.57500000000007,0.0004051633977102,0.0186747714436175
9.60000000000007,0.000407042137945438,0.0185812892166937
9.62500000000007,0.00040880804719884,0.0184278263198619
9.65000000000007,0.000410459392238411,0.0182174659661708
9.67500000000007,0.00041199445808939,0.0179539805184069
9.70000000000007,0.000413411549065403,0.0176417769231188
9.72500000000007,0.000414708989810524,0.0172858331325167
9.75000000000007,0.000415885126354358,0.0168916264253493
9.77500000000007,0.000416938327177378,0.0164650546533371
9.80000000000007,0.000417866984288852,0.0160123515405481
9.82500000000007,0.000418669514314725,0.0155399972477871
9.85000000000007,0.000419344359597112,0.0150546254814159
9.87500000000007,0.000419889989302952,0.0145629284750686
9.90000000000007,0.000420304900544199,0.0140715612027671
9.92500000000007,0.000420587619506011,0.0135870461925476
9.95000000000007,0.000420736702585285,0.0131156803007248
9.97500000000007,0.00042075073753807,0.0126634447784839
10.0000000000001,0.00042062834463439,0.0122359199150185
10.0250000000001,0.000420368177822702,0.0118382054756041
10.0500000000001,0.000419968925900334,0.0114748480697772
10.0750000000001,0.000419429313692254,0.0111497764853683
10.1000000000001,0.000418748103235903,0.010866245909962
10.1250000000001,0.000417924094972392,0.0106267918340597
10.1500000000001,0.000416956128943676,0.0104331942757927
10.1750000000001,0.000415843085993911,0.0102864530496278
10.2000000000001,0.000414583888976786,0.0101870672299098
10.2250000000001,0.000413177503965805,0.0101338502375082
10.2500000000001,0.000411622941468724,0.0101257212952557
10.2750000000001,0.000409919257644611,0.0101605351893416
10.3000000000001,0.000408065555523034,0.0102354117083383
10.3250000000001,0.000406060986225466,0.0103467768752339
10.3500000000001,0.000403904750187282,0.0104904149828213
10.3750000000001,0.000401596098379968,0.0106615296409162
10.4000000000001,0.000399134333533887,0.0108548131443597
10.4250000000001,0.000396518811358668,0.0110645231684796
10.4500000000001,0.000393748941763351,0.0112845656942482
10.4750000000001,0.000390824190073039,0.0115085829766498
10.5000000000001,0.000387744078242705,0.0117300452980223
10.5250000000001,0.000384508186067193,0.0119423451944043
10.5500000000001,0.000381116152386132,0.0121388928079665
10.5750000000001,0.000377567676283701,0.0123132110029247
10.6000000000001,0.000373862518281583,0.0124590288861628
10.6250000000001,0.0003700005015251,0.0125703723970578
10.6500000000001,0.000365981512960974,0.012641650673357
10.6750000000001,0.000361805504506495,0.0126677369608001
10.7000000000001,0.000357472494208408,0.0126441919325618
10.7250000000001,0.000352982567391495,0.0125667433511895
10.7500000000001,0.000348335877795229,0.0124322089001548
10.7750000000001,0.000343532648697962,0.0122379798379939
10.8000000000001,0.00033857317402739,0.0119821975061541
10.8250000000001,0.000333457819456599,0.0116637810852885
10.8500000000001,0.000328187023484536,0.0112824442791165
10.8750000000001,0.000322761298500021,0.010838700691404
10.9000000000001,0.000317181231827973,0.0103338578231155
10.9250000000001,0.000311447486757094,0.00976999977926124
10.9500000000001,0.000305560803548181,0.00914995893609315
10.9750000000001,0.000299522000421083,0.00847727697680501
11.0000000000001,0.000293331974520415,0.00775615585552259
11.0250000000001,0.00028699170285801,0.00699139939297345
11.0500000000001,0.00028050224323135,0.00618834634075425
11.0750000000001,0.000273864735116851,0.00535279587267175
11.1000000000001,0.000267080400536801,0.00449092656947163
11.1250000000001,0.00026015054489888,0.00360921005586837
11.1500000000001,0.000253076557806802,0.0027143205247954
11.1750000000001,0.000245859913841361,0.00181304144214644
11.2000000000001,0.000238502173310225,0.000912170207088279
11.2250000000001,0.000231004982965705,1.84249595577158e-05
11.2500000000001,0.000223370076688892,-0.000861650354620274
11.2750000000001,0.00021559927613906,-0.00172177811960457
11.3000000000001,0.000207694491367295,-0.0025560326780012
11.3250000000001,0.000199657721393093,-0.00335892305482613
11.3500000000001,0.000191491054741921,-0.00412546884737822
11.3750000000001,0.000183196669943916,-0.00485126875806328
11.4000000000001,0.00017477683599108,-0.00553256079472156
11.4250000000001,0.000166233912752455,-0.00616627328242625
11.4500000000001,0.00015757035134573,-0.00675006596230835
11.4750000000001,0.000148788694464174,-0.00728236059481641
11.5000000000001,0.000139891576657454,-0.00776236063492152
11.5250000000001,0.000130881724565143,-0.00819005970297508
11.5500000000001,0.000121761957101528,-0.00856623873499441
11.5750000000001,0.000112535185590536,-0.00889245185780875
11.6000000000001,0.000103204413849506,-0.00917100119544443
11.6250000000001,9.37727382204177e-05,-0.00940490097107324
11.6500000000001,8.42433475473324e-05,-0.00959783142154948
11.6750000000001,7.46195230987741e-05,-0.00975408318684125
11.7000000000001,6.49046384338589e-05,-0.00987849297245781
11.7250000000001,5.51021592106495e-05,-0.00997637140734917
11.7500000000001,4.52156429359245e-05,-0.0100534241309346
11.7750000000001,3.52487386544205e-05,-0.0101156672393172
11.8000000000001,2.52051865771361e-05,-0.0101693383009769
11.8250000000001,1.50888176467107e-05,-0.0102208042151739
11.8500000000001,4.9035530391324e-06,-0.0102764672310121
11.8750000000001,-5.34659639954416e-06,-0.010342670471001
11.9000000000001,-1.56575307829407e-05,-0.0104256043096163
11.9250000000001,-2.60250618812422e-05,-0.0105312149447269
11.9500000000001,-3.64449138868933e-05,-0.0106651164680049
11.9750000000001,-4.69127242497883e-05,-0.0108325076900327
12.0000000000001,-5.74240445834276e-05,-0.0110380949075025
12.0250000000001,-6.79743416430179e-05,-0.0112860217146476
12.0500000000001,-7.85589983766204e-05,-0.0115798068600991
12.0750000000001,-8.91733150502304e-05,-0.0119222910351611
12.1000000000001,-9.98125104481121e-05,-0.0123155933517125
12.1250000000001,-0.000110471723149052,-0.0127610781293962
12.1500000000001,-0.000121146012879943,-0.0132593324644328
12.1750000000001,-0.000131830361947066,-0.0138101548983979
12.2000000000001,-0.000142519676746486,-0.0144125553468202
12.2250000000001,-0.000153208789354146,-0.0150647662867559
12.2500000000001,-0.000163892459196489,-0.0157642650418469
12.2750000000001,-0.000174565374802652,-0.016507806845069
12.3000000000001,-0.00018522215563864,-0.0172914682056658
12.3250000000001,-0.000195857354024356,-0.0181106999598298
12.3500000000001,-0.000206465457134368,-0.0189603892466321
12.3750000000001,-0.000217040889082521,-0.019834929523474
12.4000000000001,-0.000227578013091471,-0.0207282976207575
12.4250000000001,-0.000238071133747405,-0.021634136735193
12.4500000000001,-0.000248514499340272,-0.0225458441765991
12.4750000000001,-0.000258902304290543,-0.0234566626154372
12.5000000000001,-0.000269228691662047,-0.0243597735286098
12.5250000000001,-0.00027948775576191,-0.0252483915099707
12.5500000000001,-0.000289673544827163,-0.0261158580999828
12.5750000000001,-0.000299780063798823,-0.0269557337961844
12.6000000000001,-0.000309801277183441,-0.0277618869324955
12.6250000000001,-0.000319731112001512,-0.0285285781605003
12.6500000000001,-0.000329563460823808,-0.0292505393290679
12.6750000000001,-0.000339292184894384,-0.0299230456390558
12.7000000000001,-0.000348911117341592,-0.0305419800462709
12.7250000000001,-0.000358414066474789,-0.0311038889969004
12.7500000000001,-0.000367794819168758,-0.0316060287037184
12.7750000000001,-0.000377047144333427,-0.0320464013067069
12.8000000000001,-0.000386164796469983,-0.0324237804063816
12.8250000000001,-0.000395141519311654,-0.0327377256100158
12.8500000000001,-0.000403971049549362,-0.0329885858879295
12.8750000000001,-0.000412647120640888,-0.0331774916968329
12.9000000000001,-0.000421163466703411,-0.0333063359875988
12.9250000000001,-0.000429513826487845,-0.033377744373509
12.9500000000001,-0.000437691947434319,-0.03339503488972
12.9750000000001,-0.000445691589808167,-0.0333622872658649
13.0000000000001,-0.000453506530913783,-0.0332837930280826
13.0250000000001,-0.000461130569387163,-0.0331647429963042
13.0500000000001,-0.000468557529563917,-0.0330106376654336
13.0750000000001,-0.000475781265922307,-0.0328273375854023
13.1000000000001,-0.000482795667599307,-0.032620977340095
13.1250000000001,-0.000489594662978047,-0.0323978756961083
13.1500000000001,-0.000496172224345226,-0.0321644432079037
13.1750000000001,-0.000502522372615926,-0.0319270886019951
13.2000000000001,-0.00050863918212424,-0.0316921252799657
13.2250000000001,-0.000514516785477891,-0.0314656792781025
13.2500000000001,-0.0005201493784735,-0.0312536000002873
13.2750000000001,-0.000525531225071703,-0.0310613750008105
13.3000000000001,-0.000530656662428273,-0.0308940500355459
13.3250000000001,-0.00053552010597956,-0.0307561555242862
13.3500000000001,-0.000540116054578764,-0.0306516404750824
13.3750000000001,-0.000544439095681454,-0.0305838148144782
13.4000000000001,-0.000548483910575648,-0.0305553008489288
13.4250000000001,-0.000552245279655349,-0.0305679951709062
13.4500000000001,-0.000555718087732509,-0.0306232853546556
13.4750000000001,-0.000558897329385573,-0.0307217168460279
13.5000000000001,-0.000561778114340326,-0.0308617731030907
13.5250000000001,-0.000564355672879729,-0.0310429495758372
13.5500000000001,-0.000566625361279152,-0.0312633124704098
13.5750000000001,-0.000568582667263416,-0.0315201993173079
13.6000000000001,-0.000570223215480648,-0.0318102567069199
13.6250000000001,-0.000571542772990783,-0.0321294878844832
13.6500000000001,-0.000572537254762597,-0.0324733096218836
13.6750000000001,-0.000573202729176109,-0.0328366175522005
13.7000000000001,-0.000573535423525945,-0.0332138590320338
13.7250000000001,-0.000573531729520295,-0.0335991124891638
13.7500000000001,-0.000573188208771932,-0.0339861721205192
13.7750000000001,-0.000572501598275244,-0.0343686367291188
13.8000000000001,-0.000571468815865724,-0.0347400014296789
13.8250000000001,-0.000570086965655657,-0.0350937509118078
13.8500000000001,-0.000568353343441656,-0.0354234529277214
13.8750000000001,-0.000566265442078432,-0.0357228506685243
13.9000000000001,-0.000563820956813552,-0.0359859527093428
13.9250000000001,-0.000561017790577572,-0.0362071192387433
13.9500000000001,-0.000557854059224113,-0.0363811433413906
13.9750000000001,-0.000554328096713835,-0.036503326174029
14.0000000000001,-0.000550438460237044,-0.0365695449625774
14.0250000000001,-0.000546183935268145,-0.0365763128511225
14.0500000000001,-0.000541563540546953,-0.0365208297504212
14.0750000000001,-0.000536576532979944,-0.0364010234624673
14.1000000000001,-0.000531222412455189,-0.0362155804577517
14.1250000000001,-0.000525500926565539,-0.0359633411655535
14.1500000000001,-0.00051941207523251,-0.0356458182456901
14.1750000000001,-0.000512956115224887,-0.0352634231741912
14.2000000000001,-0.000506133564565935,-0.0348179670144741
14.2250000000001,-0.000498945206821611,-0.0343120090577953
14.2500000000001,-0.000491392095263592,-0.0337488220949254
14.2750000000001,-0.000483475556900854,-0.0331323476112101
14.3000000000001,-0.000475197196370788,-0.0324671415484823
14.3250000000001,-0.000466558899686921,-0.0317583114118317
14.3500000000001,-0.000457562837831096,-0.0310114456226206
14.3750000000001,-0.000448211470188002,-0.0302325361296114
14.4000000000001,-0.000438507547811684,-0.0294278953860473
14.4250000000001,-0.00042845411651813,-0.0286040688806381
14.4500000000001,-0.000418054519797102,-0.0277677444735038
14.4750000000001,-0.000407312401535648,-0.026925659833304
14.5000000000001,-0.000396231708545604,-0.0260845092983926
14.5250000000001,-0.00038481669288928,-0.0252508514925037
14.5500000000001,-0.000373071913994875,-0.0244310190140992
14.5750000000001,-0.000361002240554714,-0.0236310314882387
14.6000000000001,-0.000348612852200173,-0.0228565132211399
14.6250000000001,-0.000335909240944589,-0.0221126166311713
14.6500000000001,-0.000322897212388196,-0.0214039525468329
14.6750000000001,-0.000309582886677408,-0.0207345283635363
14.7000000000001,-0.000295972699211864,-0.0201076949381188
14.7250000000001,-0.000282073401092344,-0.0195261029746512
14.7500000000001,-0.000267892059301934,-0.0189916695190162
14.7750000000001,-0.000253436056614244,-0.0185055550349118
14.8000000000001,-0.000238713091222139,-0.0180681513824335
14.8250000000001,-0.00022373117607984,-0.0176790808643836
14.8500000000001,-0.000208498637951957,-0.0173372063471719
14.8750000000001,-0.00019302411616345,-0.0170406523048625
14.9000000000001,-0.000177316561043958,-0.0167868364788457
14.9250000000001,-0.000161385232059937,-0.0165725116939955
14.9500000000001,-0.000145239695629851,-0.0163938172271682
14.9750000000001,-0.000128889822615046,-0.0162463389875728
15.0000000000001,-0.000112345785482131,-0.0161251776428452
15.0250000000001,-9.56180551300381e-05,-0.0160250237113766
15.0500000000001,-7.87173973775916e-05,-0.0159402385421967
15.0750000000001,-6.16548691060523e-05,-0.0158649400199211
15.1000000000001,-4.44418140517523e-05,-0.0157930917651178
15.1250000000001,-2.70898582444834e-05,-0.0157185945509196
15.1500000000001,-9.61090508682511e-06,-0.0156353786254747
15.1750000000001,7.98286992887906e-06,-0.0155374956173642
15.2000000000001,2.56790248707103e-05,-0.015419208707569
15.2250000000001,4.34648573871856e-05,-0.0152750797768494
15.2500000000001,6.132741110082e-05,-0.0151000522811332
15.2750000000001,7.92534823781665e-05,-0.0148895286690447
15.3000000000001,9.72296274785144e-05,-0.0146394412341687
15.3250000000002,0.000115242170083948,-0.0143463153888727
15.3500000000002,0.000133277209212673,-0.0140073244551586
15.3750000000002,0.00015132062751649,-0.013620335189518
15.4000000000002,0.000169358099964854,-0.0131839433913641
15.4250000000002,0.000187375102914483,-0.0126974990864222
15.4500000000002,0.00020535692356707,-0.01216112092544
15.4750000000002,0.000223288669812836,-0.011575699592613
15.5000000000002,0.000241155280461255,-0.0109428901750057
15.5250000000002,0.000258941535856934,-0.010265093601758
15.5500000000002,0.000276632068879415,-0.00954542741776134
15.5750000000002,0.000294211376325789,-0.0087876863085494
15.6000000000002,0.000311663830672593,-0.00799629293921857
15.6250000000002,0.000328973692215129,-0.00717623980819417
15.6500000000002,0.000346125121580765,-0.00633302294462645
15.6750000000002,0.000363102192611264,-0.00547256839431329
15.7000000000002,0.000379888905611636,-0.0046011525416509
15.7250000000002,0.000396469200959034,-0.00372531740273849
15.7500000000002,0.000412826973066511,-0.0028517820961658
15.7750000000002,0.000428946084696404,-0.00198735175216298
15.8000000000002,0.000444810381615627,-0.00113882515691995
15.8250000000002,0.00046040370758652,-0.000312902446480811
15.8500000000002,0.000475709919684831,0.00048390583658222
15.8750000000002,0.000490712903936902,0.00124536703045437
15.9000000000002,0.000505396591266537,0.00196561073049606
15.9250000000002,0.000519744973742887,0.00263920805628719
15.9500000000002,0.000533742121117581,0.00326124468421944
15.9750000000002,0.00054737219764155,0.00382738661000617
16.0000000000002,0.000560619479149579,0.00433393770966734
16.0250000000002,0.00057346837039993,0.00477788828497086
16.0500000000002,0.000585903422656634,0.00515695390828874
16.0750000000002,0.000597909351501917,0.00546960402049882
16.1000000000002,0.000609471054861664,0.00571507988196431
16.1250000000002,0.000620573631232975,0.00589340162864548
16.1500000000002,0.000631202398095349,0.00600536412726551
16.1750000000001,0.000641342910490358,0.00605252291615791
16.2000000000001,0.00065098097975429,0.00603716754819511
16.2250000000001,0.000660102692382948,0.00596228637275388
16.2500000000001,0.000668694429014335,0.00583152068617781
16.2750000000001,0.000676742883508361,0.00564910988257957
16.3000000000001,0.000684235082103001,0.00541982824355497
16.3250000000001,0.000691158402630945,0.00514891427572326
16.3500000000001,0.000697500593769594,0.00484199361103392
16.3750000000001,0.000703249794310197,0.00450499657629236
16.4000000000001,0.000708394552418202,0.00414407161406257
16.4250000000001,0.000712923844864784,0.00376549579589558
16.4500000000001,0.000716827096207778,0.00337558370989431
16.4750000000001,0.000720094197893659,0.00298059602734409
16.5000000000001,0.00072271552726037,0.00258664905720895
16.5250000000001,0.000724681966414785,0.00219962658265089
16.5500000000001,0.00072598492095754,0.00182509524058453
16.5750000000001,0.000726616338531158,0.00146822465412729
16.6000000000001,0.000726568727164312,0.00113371345936716
16.6250000000001,0.000725835173382918,0.00082572228314997
16.6500000000001,0.000724409360065644,0.000547814628799466
16.6750000000001,0.000722285584008427,0.00030290651326064
16.7000000000001,0.000719458773176223,9.32255737369511e-05
16.7250000000001,0.00071592450360913,-7.97197737366783e-05
16.7500000000001,0.000711679015953377,-0.000215160685231196
16.7750000000001,0.000706719231591303,-0.00031307746092053
16.8000000000001,0.000701042768335085,-0.000374198203843681
16.8250000000001,0.000694647955657259,-0.000399986348847818
16.8500000000001,0.000687533849427694,-0.000392618615242319
16.8750000000001,0.000679700246122376,-0.000354950412475616
16.9000000000001,0.000671147696479163,-0.000290473388863271
16.9250000000001,0.000661877518563076,-0.000203262731520714
16.9500000000001,0.000651891810213429,-9.7916115945174e-05
16.9750000000001,0.000641193460841787,2.05150007450171e-05
17.0000000000001,0.000629786162545725,0.000146600758701362
17.0250000000001,0.000617674420512146,0.000274613866885656
17.0500000000001,0.000604863562674651,0.000398615007948343
17.0750000000001,0.000591359748594658,0.000512541453887553
17.1000000000001,0.00057716997753768,0.000610297624160052
17.1250000000001,0.000562302095709549,0.000685846290307187
17.1500000000001,0.000546764802626876,0.00073329912205778
17.1750000000001,0.000530567656586739,0.000747114292540562
17.2000000000001,0.000513721079208792,0.000721938572027651
17.2250000000001,0.000496236359019797,0.000652601533994515
17.2500000000001,0.000478125654049359,0.000534816891789191
17.2750000000001,0.000459401993411865,0.000364686963201745
17.3000000000001,0.000440079277842988,0.000138922884188565
17.3250000000001,0.000420172279166329,-0.000145102926790138
17.3500000000001,0.000399696638662388,-0.000489313587577896
17.3750000000001,0.00037866886431305,-0.000894894472321819
17.4000000000001,0.000357106326899288,-0.0013622703093984
17.4250000000001,0.000335027254924566,-0.00189109298595479
17.4500000000001,0.000312450728344762,-0.00248024023508041
17.4750000000001,0.000289396671078093,-0.00312782522649525
17.5000000000001,0.000265885842278081,-0.00383121692626739
17.5250000000001,0.000241939826347296,-0.00458707093765868
17.5500000000001,0.000217581021673845,-0.00539137038592964
17.5750000000001,0.000192832628074215,-0.00623947626693132
17.6000000000001,0.000167718632925057,-0.00712618654461005
17.6250000000001,0.000142263795970446,-0.00804580315806919
17.6500000000001,0.000116493632792099,-0.00899220598634226
17.6750000000001,9.04343969292225e-05,-0.00995893272014873
17.7000000000001,6.41130606409031e-05,-0.0109392635060303
17.7250000000001,3.75572943007822e-05,-0.0119263091606129
17.7500000000001,1.07954444190199e-05,-0.0129131017022689
17.7750000000001,-1.61434897132003e-05,-0.0138926859148956
17.8000000000001,-4.32298807590062e-05,-0.0148582106443433
17.8250000000001,-7.04334994517282e-05,-0.0158030185324124
17.8500000000001,-9.77235420893813e-05,-0.0167207329162412
17.8750000000001,-0.000125068659404069,-0.0176053406619793
17.9000000000001,-0.000152436986801289,-0.0184512697602851
17.9250000000001,-0.000179796175959309,-0.0192534605865666
17.95,-0.000207113427780351,-0.0200074298198926
17.975,-0.000234355526679032,-0.0207093261198367
18,-0.000261488876193521,-0.0213559767786585
18.025,-0.000288479535902761,-0.021944924695475
18.05,-0.00031529325962714,-0.0224744551575843
18.075,-0.000341895534893229,-0.0229436120598842
18.1,-0.000368251623634089,-0.0233522033443028
18.125,-0.000394326604098907,-0.0237007955951746
18.15,-0.000420085413941906,-0.0239906978813574
18.175,-0.000445492894454062,-0.0242239350893912
18.2,-0.0004705138359061,-0.024403211141969
18.225,-0.00049511302395901,-0.0245318626402822
18.25,-0.000519255287103499,-0.0246138036053765
18.275,-0.000542905545083428,-0.024653462120551
18.3,-0.000566028858252878,-0.0246558353091313
18.325,-0.000588590477821678,-0.0246260037236163
18.35,-0.000610555896930343,-0.0245693831758574
18.375,-0.000631890902502137,-0.024491834856768
18.4,-0.000652561627813224,-0.0243991943433339
18.425,-0.000672534605715173,-0.0242973179620849
18.45,-0.00069177682245135,-0.0241919938432424
18.475,-0.000710255771992074,-0.0240888534066899
18.5,-0.000727939510824824,-0.0239932853353386
18.525,-0.000744796713123006,-0.023910353273734
18.55,-0.000760796726215434,-0.0238447184360227
18.575,-0.000775909626283502,-0.0238005682367615
18.6,-0.000790106274197374,-0.023781551971494
18.625,-0.000803358371413708,-0.0237907244728102
18.65,-0.000815638515844811,-0.0238304985531744
18.675,-0.000826920257608465,-0.0239026068880996
18.7,-0.000837178154574018,-0.0240083736124878
18.725,-0.000846387827600851,-0.0241480188304931
18.75,-0.000854526015382303,-0.0243203387969381
18.775,-0.000861570628791841,-0.0245247017511042
18.8,-0.000867500804630853,-0.0247592311557222
18.825,-0.000872296958681126,-0.0250213613792436
18.85,-0.000875940837949481,-0.0253078730570324
18.875,-0.000878415572008184,-0.0256149380329306
18.9,-0.000879705723317216,-0.0259381733339233
18.925,-0.000879797336422264,-0.0262727034090881
18.95,-0.000878677985919885,-0.026613229745617
18.975,-0.000876336823075698,-0.02695410686898
19,-0.000872764620986983,-0.0272894236427778
19.025,-0.000867953818175574,-0.0276130887078241
19.05,-0.0008618985604977,-0.0279189188405823
19.075,-0.000854594741259,-0.0282007289691373
19.1,-0.00084604003941741,-0.0284524225609892
19.125,-0.000836233955766054,-0.0286680810914729
19.15,-0.000825177846976724,-0.0288420513145971
19.175,-0.00081287495739499,-0.0289690290893778
19.2,-0.000799330448474821,-0.0290441385638548
19.225,-0.000784551425737219,-0.0290630055852063
19.25,-0.000768546963149652,-0.0290218867373592
19.275,-0.000751328124811292,-0.0289174807912333
19.3,-0.000732907983840146,-0.0287473455813736
19.325,-0.00071330163835877,-0.0285096977658606
19.35,-0.00069252622447028,-0.0282035031132314
19.375,-0.000670600926131413,-0.0278284970835321
19.4,-0.000647546981818179,-0.0273851947507237
19.425,-0.000623387687895252,-0.026874889922257
19.45,-0.000598148398594437,-0.0262996434654207
19.475,-0.00057185652251507,-0.025662261003662
19.5,-0.000544541515565294,-0.0249662602972874
19.525,-0.00051623487025914,-0.0242158287696241
19.55,-0.000486970101301311,-0.0234157717797744
19.575,-0.000456782727383798,-0.0225714523745206
19.6,-0.000425710249131028,-0.0216887233728792
19.625,-0.000393792123135204,-0.0207738527455154
19.65,-0.00036106973202488,-0.019833443346176
19.675,-0.000327586350520517,-0.018874348132114
19.6999999999999,-0.000293387107434515,-0.0179035820740186
19.7249999999999,-0.000258518943579946,-0.0169282320023271
19.7499999999999,-0.000223030565560011,-0.0159553656653119
19.7749999999999,-0.000186972395415787,-0.014991941284605
19.7999999999999,-0.000150396516119592,-0.0140447188857036
19.8249999999999,-0.000113356612906002,-0.0131201746546106
19.8499999999999,-7.59079104431307e-05,-0.0122244195275015
19.8749999999999,-3.81071058535333e-05,-0.0113631231588188
19.8999999999999,-1.22976025716814e-08,-0.0105414443353617
19.9249999999999,3.83170897183815e-05,-0.00976396881090716
19.9499999999999,7.68203846785026e-05,-0.00903465542900677
19.9749999999999,0.000115435752318951,-0.00835679128238908
19.9999999999999,0.000154100281434793,-0.00773295652759443
20.0249999999999,0.000192750075763557,-0.00716499933492042
20.0499999999999,0.000231320349007549,-0.00665402130846785
20.0749999999999,0.000269745523605498,-0.0062003735611137
20.0999999999999,0.000307959333160857,-0.00580366347674818
20.1249999999999,0.000345894928423643,-0.00546277203926956
20.1499999999999,0.000383484986709749,-0.00517588145681089
20.1749999999999,0.000420661824636553,-0.00494051266262651
20.1999999999999,0.000457357514037502,-0.00475357213308716
20.2249999999999,0.00049350400091118,-0.0046114073303265
20.2499999999999,0.000529033227250533,-0.00450986995413982
20.2749999999999,0.000563877255582424,-0.00444438607651222
20.2999999999999,0.000597968396044318,-0.00441003213422981
20.3249999999999,0.00063123933580804,-0.00440152951848131
20.3499999999999,0.000663623270653411,-0.00441363114311577
20.3749999999999,0.000695054038484477,-0.00444086612548065
20.3999999999999,0.000725466254566886,-0.0044777577379316
20.4249999999999,0.000754795448260992,-0.00451886307614122
20.4499999999999,0.000782978201010332,-0.00455891566936943
20.4749999999999,0.000809952285336316,-0.00459291539938282
20.4999999999999,0.000835656804582707,-0.00461621602168193
20.5249999999999,0.000860032333142515,-0.00462454457180778
20.5499999999999,0.000883021056888337,-0.00461406396946887
20.5749999999999,0.000904566913527518,-0.00458149179461832
20.5999999999999,0.000924615732580575,-0.00452416158047946
20.6249999999999,0.000943115374689593,-0.00444001414004595
20.6499999999999,0.000960015869943747,-0.00432765335391717
20.6749999999999,0.000975269554906601,-0.00418637105645299
20.6999999999999,0.000988831208025827,-0.00401616193592707
20.7249999999999,0.00100065818309485,-0.00381772744233165
20.7499999999999,0.0010107105404325,-0.00359246937444615
20.7749999999999,0.0010189511754453,-0.00334247287467729
20.7999999999999,0.0010253459442257,-0.00307047913567794
20.8249999999999,0.00102986378584559,-0.00277984820133644
20.8499999999999,0.00103247684098881,-0.00247451238689707
20.8749999999999,0.00103316056657856,-0.00215892097766203
20.8999999999999,0.00103189384604207,-0.00183797699100217
20.9249999999999,0.00102865909486187,-0.00151696690048682
20.9499999999999,0.00102344236106029,-0.00120148432220022
20.9749999999999,0.00101623342026364,-0.000897348750295223
20.9999999999999,0.00100702586499806,-0.000610520500300116
21.0249999999999,0.000995817187868776,-0.000347013073611919
21.0499999999999,0.000982608858277808,-0.000112804194201861
21.0749999999999,0.000967406392345709,8.62532117183109e-05
21.0999999999999,0.00095021941569816,0.0002445188207487
21.1249999999999,0.000931061718796058,0.000356650246341988
21.1499999999999,0.000909951304487646,0.000417684680615852
21.1749999999999,0.000886910427472598,0.000423115674657938
21.1999999999999,0.000861965625380429,0.000369057558184708
21.2249999999999,0.000835147741169329,0.000251938907370524
21.2499999999999,0.00080649193657265,6.9106980529983e-05
21.2749999999999,0.000776037696325832,-0.000181485359142148
21.2999999999999,0.0007438288229217,-0.000501153175585235
21.3249999999999,0.00070991342166591,-0.000890451537343601
21.3499999999999,0.000674343875803531,-0.00134915793868587
21.3749999999999,0.000637176811525302,-0.00187626532692479
21.3999999999999,0.000598473052662502,-0.00246998584832506
21.4249999999999,0.000558297564912429,-0.00312776527326212
21.4499999999999,0.000516719389449277,-0.00384630791016763
21.4749999999998,0.000473811565798704,-0.00462161166940549
21.4999999999998,0.000429651043880146,-0.00544901279468432
21.5249999999998,0.000384318585139692,-0.0063232396429504
21.5499999999998,0.00033789865272418,-0.00723847476587204
21.5749999999998,0.00029047929067447,-0.0081884244288428
21.5999999999998,0.000242151992136317,-0.00916639459854909
21.6249999999998,0.000193011556621929,-0.0101653723390856
21.6499999999998,0.000143155936379372,-0.011178111480645
21.6749999999998,9.26860719559289e-05,-0.0121972213650431
21.6999999999998,4.17057170747949e-05,-0.0132152574296281
21.7249999999998,-9.67874702922228e-06,-0.0142248123660643
21.7499999999998,-6.13585076344875e-05,-0.0152186065834394
21.7749999999998,-0.000113222526708281,-0.0161895767162068
21.7999999999998,-0.00016515775698946,-0.0171309609464825
21.8249999999998,-0.000217049367703122,-0.018036379956744
21.8499999999998,-0.000268780979597587,-0.0188999123923393
21.8749999999998,-0.000320234908962595,-0.0197161637924997
21.8999999999998,-0.000371292420252085,-0.0204803280426117
21.9249999999998,-0.000421833986901689,-0.0211882405079663
21.9499999999998,-0.000471739559900444,-0.0218364221285475
21.9749999999998,-0.000520888843635305,-0.0224221138839047
21.9999999999998,-0.000569161578504347,-0.0229433011749347
22.0249999999998,-0.000616437829749013,-0.0233987278135031
22.0499999999998,-0.000662598281934327,-0.0237878994592011
22.0749999999998,-0.000707524538466623,-0.0241110764930483
22.0999999999998,-0.000751099425506909,-0.0243692564684732
22.1249999999998,-0.000793207299614173,-0.0245641464282891
22.1499999999998,-0.000833734358409876,-0.0246981255205197
22.1749999999998,-0.000872568953540508,-0.0247741984837686
22.1999999999998,-0.000909601905175549,-0.0247959407024172
22.2249999999998,-0.00094472681725535,-0.0247675602631092
22.2499999999998,-0.000977840392681038,-0.0246933168417169
22.2749999999998,-0.00100884274760656,-0.0245782339471742
22.2999999999998,-0.00103763772397995,-0.0244274825573553
22.3249999999998,-0.00106413319945259,-0.0242464352990289
22.3499999999998,-0.00108824139375587,-0.024040581409039
22.3749999999998,-0.00110987917063896,-0.0238154407552422
22.3999999999998,-0.00112896833442629,-0.0235764781710696
22.4249999999998,-0.00114543592026147,-0.0233290193513959
22.4499999999998,-0.00115921447708022,-0.0230781695332922
22.4749999999998,-0.00117024234234786,-0.0228287361435541
22.4999999999998,-0.00117846390760203,-0.0225851565362537
22.5249999999998,-0.0011838298738216,-0.0223514318687862
22.5499999999998,-0.00118629749565738,-0.0221310680750575
22.5749999999998,-0.00118583081355683,-0.021927024790888
22.5999999999998,-0.0011824008728157,-0.0217416729708636
22.6249999999998,-0.00117598592861106,-0.0215767618094252
22.6499999999998,-0.00116657163606702,-0.0214333954495609
22.6749999999998,-0.00115415122443223,-0.0213124667425014
22.6999999999998,-0.00113872565446022,-0.0212128488437259
22.7249999999998,-0.00112030375810139,-0.0211341243218196
22.7499999999998,-0.00109890235965696,-0.0210747888986718
22.7749999999998,-0.00107454637754907,-0.0210327301600154
22.7999999999998,-0.00104726890591868,-0.0210052648559157
22.8249999999998,-0.00101711127528012,-0.0209891795172886
22.8499999999998,-0.000984123091509297,-0.0209808042067761
22.8749999999998,-0.00094836225248577,-0.0209760689254632
22.8999999999998,-0.000909894941747849,-0.0209705600230766
22.9249999999998,-0.000868795598580602,-0.0209595956880309
22.9499999999998,-0.000825146864000856,-0.0209383050398411
22.9749999999998,-0.000779039502165447,-0.0209016938295396
22.9999999999998,-0.000730572296788148,-0.020844694406289
23.0249999999998,-0.000679851922212774,-0.0207624233411637
23.0499999999998,-0.00062699278885987,-0.0206501022320282
23.0749999999998,-0.000572116862832667,-0.020503188699231
23.0999999999998,-0.000515353459540999,-0.0203174573323237
23.1249999999998,-0.000456839011280203,-0.0200890766627024
23.1499999999998,-0.000396716808777387,-0.0198146810237667
23.1749999999998,-0.000335136716803321,-0.0194914362316463
23.1999999999998,-0.000272254864028404,-0.0191170981063019
23.2249999999997,-0.000208233307390657,-0.0186900629536239
23.2499999999997,-0.000143239671328965,-0.0182094092425785
23.2749999999997,-7.74467623276438e-05,-0.0176749298358634
23.2999999999997,-1.10321593091087e-05,-0.0170871542661574
23.3249999999997,5.58222194962134e-05,-0.0164473606909758
23.3499999999997,0.000122930572477458,-0.0157575773053604
23.3749999999997,0.000190103692550479,-0.0150205731410786
23.3999999999997,0.000257149466128474,-0.0142398383315313
23.4249999999997,0.00032387339214714,-0.0134195540710636
23.4499999999997,0.000390079120037551,-0.0125645526436926
23.4749999999997,0.000455569005445373,-0.011680268037347
23.4999999999997,0.000520144682403328,-0.0107726777935468
23.5249999999997,0.000583607650565188,-0.00984823686713104
23.5499999999997,0.000645759876023947,-0.00891380438440383
23.5749999999997,0.000706404404145537,-0.00797656428927947
23.5999999999997,0.000765345982757609,-0.00704394095423308
23.6249999999997,0.000822391693956875,-0.00612351090485649
23.6499999999997,0.000877351592709373,-0.00522291186255254
23.6749999999997,0.000930039350344077,-0.00434975034857792
23.6999999999997,0.000980272900967258,-0.0035115091137175
23.7249999999997,0.00102787508875106,-0.00271545566105387
23.7499999999997,0.0010726743139898,-0.00196855311452872
23.7749999999997,0.00111450517575723,-0.00127737465351337
23.7999999999997,0.00115320910893734,-0.000648022683896223
23.8249999999997,0.00118863501336823,-8.60538499555096e-05
23.8499999999997,0.00122063987277762,0.000403589090496282
23.8749999999997,0.0012490893611719,0.000816637601375863
23.8999999999997,0.0012738584343023,0.00114954909681445
23.9249999999997,0.00129483190381308,0.00139954936626263
23.9499999999997,0.00131190499167172,0.00156466512986143
23.9749999999997,0.00132498386246741,0.00164374629582948
23.9999999999997,0.00133398613117664,0.00163647748915473
24.0249999999997,0.0013388413440056,0.00154337952524946
24.0499999999997,0.00133949142994055,0.00136579898986921
24.0749999999997,0.00133589112067651,0.00110588832204223
24.0999999999997,0.00132800833662573,0.000766575209867294
24.1249999999997,0.00131582453677067,0.000351522278517526
24.1499999999997,0.001299335030183,-0.000134922419523236
24.1749999999997,0.00127854924709901,-0.000687783398721272
24.1999999999997,0.00125349096753565,-0.00130152338927945
24.2249999999997,0.00122419850550979,-0.00197011570571718
24.2499999999997,0.00119072484704143,-0.00268712230917062
24.2749999999997,0.00115313774022306,-0.003445776460702
24.2999999999997,0.00111151973576896,-0.00423906880206764
24.3249999999997,0.00106596817659557,-0.00505983565620094
24.3499999999997,0.00101659513511353,-0.00590084831274407
24.3749999999997,0.00096352729709007,-0.00675490205467829
24.3999999999997,0.000906905791081202,-0.00761490369057883
24.4249999999997,0.000846885962623561,-0.00847395638310302
24.4499999999997,0.000783637092552223,-0.00932544060764042
24.4749999999997,0.000717342058998597,-0.0101630901349368
24.4999999999997,0.000648196942833475,-0.010981062007093
24.5249999999997,0.00057641057651325,-0.0117739995665104
24.5499999999997,0.000502204036515241,-0.012537087700805
24.5749999999997,0.000425810079762053,-0.0132660995819148
24.5999999999997,0.000347472524662589,-0.0139574343029299
24.6249999999997,0.000267445577634383,-0.0146081449497578
24.6499999999997,0.0001859931062036,-0.0152159567846589
24.6749999999997,0.000103387860023667,-0.015779275362957
24.6999999999997,1.99106413961356e-05,-0.0162971845507421
24.7249999999997,-6.4150572877994e-05,-0.0167694345580641
24.7499999999997,-0.000148501556239779,-0.017196420246834
24.7749999999997,-0.000232842801384758,-0.0175791501133605
24.7999999999997,-0.000316870530977825,-0.0179192064801094
24.8249999999997,-0.00040027774725928,-0.0182186975579824
24.8499999999997,-0.000482755317488363,-0.0184802021573372
24.8749999999997,-0.000563993091938903,-0.0187067079314433
24.8999999999997,-0.000643681050925191,-0.0189015441285872
24.9249999999997,-0.000721510477116945,-0.0190683099072629
24.9499999999997,-0.000797175149185009,-0.0192107993316989
24.9749999999996,-0.000870372552611043,-0.0193329242114817
24.9999999999996,-0.00094080510330005,-0.0194386359785529
25.0249999999996,-0.00100818137944938,-0.0195318478069834
25.0499999999996,-0.00107221735695208,-0.0196163581754661
25.0749999999996,-0.00113263764346303,-0.0196957770495124
25.0999999999996,-0.00118917670610241,-0.0197734558202134
25.1249999999996,-0.00124158008765592,-0.0198524220797094
25.1499999999996,-0.00128960560601508,-0.0199353202410279
25.1749999999996,-0.00133302453151206,-0.0200243589227283
25.1999999999996,-0.00137162273674226,-0.020121265918106
25.2249999999996,-0.00140520181340313,-0.0202272514290679
25.2499999999996,-0.00143358015067315,-0.0203431828094785
25.2749999999996,-0.00145659396962623,-0.020468835439805
25.2999999999996,-0.00147409830822141,-0.0206037498667095
25.3249999999996,-0.00148596795143386,-0.0207469759335035
25.3499999999996,-0.00149209830117518,-0.0208969092384207
25.3749999999996,-0.00149240618074426,-0.0210514048142097
25.3999999999996,-0.00148683056867416,-0.0212078070991628
25.4249999999996,-0.00147533325698083,-0.0213629888739015
25.4499999999996,-0.00145789942902607,-0.0215133986895342
25.4749999999996,-0.00143453815236754,-0.0216551161149748
25.4999999999996,-0.00140528278225373,-0.0217839140125493
25.5249999999996,-0.00137019127163366,-0.0218953269435343
25.5499999999996,-0.00132934638388332,-0.0219847247105567
25.5749999999996,-0.00128285580472817,-0.0220473899632003
25.5999999999996,-0.00123085215021772,-0.0220785987279249
25.6249999999996,-0.00117349286795111,-0.0220738347277807
25.6499999999996,-0.00111096002916534,-0.0220284884967748
25.6749999999996,-0.00104346000970254,-0.0219381777965641
25.6999999999996,-0.000971223058330629,-0.0217990919537031
25.7249999999996,-0.000894502751341709,-0.0216076994199235
25.7499999999996,-0.000813575332851483,-0.0213609388810788
25.7749999999996,-0.00072873894071749,-0.021056286445681
25.7999999999996,-0.000640312718528668,-0.02069181634345
25.8249999999996,-0.00054863581464621,-0.0202662541763265
25.8499999999996,-0.000454066269836396,-0.0197790218650694
25.8749999999996,-0.00035697979560147,-0.0192302735477384
25.8999999999996,-0.000257768445878534,-0.018620921810463
25.9249999999996,-0.000156839185372376,-0.0179526537641674
25.9499999999996,-5.46123583595251e-05,-0.0172279366214942
25.9749999999996,4.84799376039985e-05,-0.0164500125740578
25.9999999999996,0.000151995568056892,-0.015622882919319
26.0249999999996,0.000255484162492089,-0.0147512815367058
26.0499999999996,0.000358488993532718,-0.0138406379619918
26.0749999999996,0.000460548927689774,-0.0128970304552885
26.0999999999996,0.00056120044041998,-0.0119271295992389
26.1249999999996,0.000659979687669662,-0.0109381330981337
26.1499999999996,0.000756424625574816,-0.00993769257379359
26.1749999999996,0.000850077169506712,-0.00893383326842624
26.1999999999996,0.000940485383183406,-0.00793486766661939
26.2249999999996,0.0010272056881423,-0.00694930413674705
26.2499999999996,0.00110980508347317,-0.00598575176507131
26.2749999999996,0.00118786336534672,-0.00505282261268742
26.2999999999996,0.00126097533556483,-0.00415903266536223
26.3249999999996,0.00132875298807189,-0.0033127027686879
26.3499999999996,0.00139082766215257,-0.00252186084550104
26.3749999999996,0.00144685215085725,-0.00179414667912285
26.3999999999996,0.00149650275306457,-0.00113672051486875
26.4249999999996,0.00153948125754362,-0.000556176683884832
26.4499999999996,0.00157551684734044,-5.84633883969808e-05
26.4749999999996,0.00160436791288065,0.00035119029317441
26.4999999999996,0.00162582376229205,0.000668339217921528
26.5249999999996,0.00163970621760929,0.000889377951995125
26.5499999999996,0.00164587108579161,0.00101158677092697
26.5749999999996,0.00164420949376447,0.00103316723391835
26.5999999999996,0.00163464907709275,0.000953267069758615
26.6249999999996,0.00161715501233096,0.000771993744003099
26.6499999999996,0.00159173088359902,0.000490416669384488
26.6749999999996,0.00155841937453714,0.000110558138008252
26.6999999999996,0.00151730277740621,-0.000364627020492608
26.7249999999996,0.00146850331185796,-0.00093128274580429
26.7499999999995,0.00141218324664177,-0.0015846935991295
26.7749999999995,0.00134854481838129,-0.00231933660271197
26.7999999999995,0.00127782994245749,-0.00312894237827099
26.8249999999995,0.00120031971198468,-0.00400656477530202
26.8499999999995,0.00111633368190467,-0.00494465807102112
26.8749999999995,0.00102622893628055,-0.0059351607274581
26.8999999999995,0.000930398937991843,-0.00696958460918982
26.9249999999995,0.000829272161203001,-0.00803910849852396
26.9499999999995,0.000723310508163138,-0.00913467469452178
26.9749999999995,0.000613007513137417,-0.0102470874487231
26.9999999999995,0.000498886337523975,-0.0113671119742504
27.0249999999995,0.000381497561488975,-0.0124855727662694
27.0499999999995,0.000261416778749475,-0.0135934499905206
27.0749999999995,0.000139242002428385,-0.014681972732446
27.0999999999995,1.55908912095604e-05,-0.0157427079517659
27.1249999999995,-0.000108902193689073,-0.0167676440553942
27.1499999999995,-0.000233589288931402,-0.0177492680842658
27.1749999999995,-0.000357812073822537,-0.0186806356057589
27.1999999999995,-0.000480905245147156,-0.0195554325114902
27.2249999999995,-0.000602200006644897,-0.0203680280387301
27.2499999999995,-0.000721027656551604,-0.0211135184608097
27.2749999999995,-0.000836723255562468,-0.0217877610258004
27.2999999999995,-0.000948629356576133,-0.022387397861496
27.3249999999995,-0.00105609977664043,-0.0229098697063241
27.3499999999995,-0.00115850339068396,-0.0233534194682152
27.3749999999995,-0.0012552279258663,-0.0237170857546334
27.3999999999995,-0.00134568373471697,-0.0240006866549078
27.4249999999995,-0.00142930752470867,-0.0242047939881806
27.4499999999995,-0.0015055660214604,-0.0243306997041961
27.4749999999995,-0.00157395954248705,-0.024380372367069
27.4999999999995,-0.00163402545820878,-0.0243564079257674
27.5249999999995,-0.00168534151692177,-0.0242619731956564
27.5499999999995,-0.0017275290105151,-0.0241007439030479
27.5749999999995,-0.00176025575796792,-0.0238768381558391
27.5999999999995,-0.00178323888406912,-0.0235947463971413
27.6249999999995,-0.0017962473713456,-0.0232592589344418
27.6499999999995,-0.00179910436388079,-0.0228753921560942
27.6749999999995,-0.00179168920259597,-0.0224483145495876
27.6999999999995,-0.0017739391725521,-0.0219832736221409
27.7249999999995,-0.00174585094404371,-0.0214855247939809
27.7499999999995,-0.0017074816905577,-0.0209602632887103
27.7749999999995,-0.00165894986818679,-0.0204125599842087
27.7999999999995,-0.0016004356426933,-0.0198473021124942
27.8249999999995,-0.001532180952228,-0.0192691396090995
27.8499999999995,-0.00145448919560165,-0.018682437813134
27.8749999999995,-0.00136772453808378,-0.0180912371098606
27.8999999999995,-0.00127231082884477,-0.0174992199899839
27.9249999999995,-0.00116873012647547,-0.0169096858757319
27.9499999999995,-0.00105752083137723,-0.0163255339351106
27.9749999999995,-0.000939275426321492,-0.0157492539743788
27.9999999999995,-0.000814637829006769,-0.0151829253668301
28.0249999999995,-0.000684300363085526,-0.0146282238453846
28.0499999999995,-0.000549000356782382,-0.0140867196402017
28.0749999999995,-0.000409516380932649,-0.0135590706127721
28.0999999999995,-0.00026666414098581,-0.0130458356378643
28.1249999999995,-0.000121292040226921,-0.0125472703324874
28.1499999999995,2.57235658423921e-05,-0.0120633668150332
28.1749999999995,0.00017348340136623,-0.0115938977879693
28.1999999999995,0.000321070563060442,-0.0111384640445171
28.2249999999995,0.000467556046510678,-0.0106965444457664
28.2499999999995,0.000612004475745283,-0.0102675473759972
28.2749999999995,0.000753480003701353,-0.00985086266120528
28.2999999999995,0.000891052349055246,-0.00944591292931759
28.3249999999995,0.00102380293291781,-0.00905220340046461
28.3499999999995,0.00115083107708418,-0.00866915064536966
28.3749999999995,0.00127126022395148,-0.00829678186242707
28.3999999999995,0.00138424413682474,-0.00793510454282289
28.4249999999995,0.00148897303822383,-0.00758437146158615
28.4499999999995,0.0015846796429041,-0.00724510943235365
28.4749999999995,0.00167064504172674,-0.00691814154817763
28.4999999999994,0.00174620439218504,-0.00660460237141927
28.5249999999994,0.00181075237139976,-0.00630594565204806
28.5499999999994,0.00186374834767565,-0.00602394427756838
28.5749999999994,0.00190472122737963,-0.00576068228747107
28.5999999999994,0.00193327393480912,-0.00551853891861728
28.6249999999994,0.00194908748407305,-0.00530016478328805
28.6499999999994,0.00195192460358793,-0.0051084504167362
28.6749999999994,0.00194163287582588,-0.00494648756388643
28.6999999999994,0.00191814735723075,-0.00481752370332468
28.7249999999994,0.00188149264589679,-0.00472491042889852
28.7499999999994,0.00183178436759281,-0.00467204642322291
28.7749999999994,0.00176923005400805,-0.00466231586134714
28.7999999999994,0.00169412939071945,-0.0046990142976829
28.8249999999994,0.00160687381629466,-0.00478531577944314
28.8499999999994,0.00150794545810681,-0.0049241517985511
28.8749999999994,0.00139791539489421,-0.00511817527494452
28.8999999999994,0.00127744124073462,-0.00536968311779302
28.9249999999994,0.00114726404999867,-0.00568054899207658
28.9499999999994,0.0010082045478543,-0.00605215914955046
28.9749999999994,0.000861158696090276,-0.00648535247336586
28.9999999999994,0.000707092609305258,-0.00698036584812481
29.0249999999994,0.000547036841852405,-0.0075367859123888
29.0499999999994,0.000382080071320342,-0.00815350817923707
29.0749999999994,0.000213362209691322,-0.00882870442322485
29.0999999999994,4.20669786365471e-05,-0.00955979913010016
29.1249999999994,-0.000130586009377123,-0.0103434556901937
29.1499999999994,-0.000303349617422458,-0.0111755728889877
29.1749999999994,-0.000474957946260058,-0.0120512921106748
29.1999999999994,-0.000644135436021223,-0.0129650155243633
29.2249999999994,-0.000809606246782786,-0.013910435369942
29.2499999999994,-0.000970103853357839,-0.0148805743035554
29.2749999999994,-0.00112438078595136,-0.0158678366033299
29.2999999999994,-0.00127121844509904,-0.0168640698766315
29.3249999999994,-0.00140943691650879,-0.0178606367529801
29.3499999999994,-0.0015379047091387,-0.0188484958940171
29.3749999999994,-0.00165554833811496,-0.0198182915058244
29.3999999999994,-0.00176136167288934,-0.0207604504015528
29.4249999999994,-0.00185441497051002,-0.0216652855357754
29.4499999999994,-0.00193386351390071,-0.0225231048181255
29.4749999999994,-0.00199895577580753,-0.0233243239143759
29.4999999999994,-0.00204904103046038,-0.0240595816597144
29.5249999999994,-0.00208357633707281,-0.0247198566429377
29.5499999999994,-0.00210213282214085,-0.025296583472732
29.5749999999994,-0.0021044011909663,-0.0257817672090192
29.5999999999994,-0.0020901964030416,-0.0261680944341454
29.6249999999994,-0.00205946145085237,-0.0264490394507888
29.6499999999994,-0.0020122701871951,-0.026618964125961
29.6749999999994,-0.00194882915237239,-0.0266732099531391
29.6999999999994,-0.00186947835947074,-0.0266081809769117
29.7249999999994,-0.00177469100339164,-0.0264214162753227
29.7499999999994,-0.00166507206732267,-0.0261116508359651
29.7749999999994,-0.00154135580882987,-0.0256788644915088
29.7999999999994,-0.00140440211674633,-0.0251243161065586
29.8249999999994,-0.00125519173935187,-0.0244505646074198
29.8499999999994,-0.00109482039404225,-0.0236614748628938
29.8749999999994,-0.000924491778586806,-0.0227622084382884
29.8999999999994,-0.000745509514169809,-0.0217591989739018
29.9249999999994,-0.000559268060598316,-0.0206601121682123
29.9499999999994,-0.000367242654218201,-0.0194737905373757
29.9749999999994,-0.000170978329175158,-0.0182101833144439
29.9999999999994,2.79219074497995e-05,-0.0168802620415424
30.0249999999994,0.000227809666493318,-0.0154959225936097
30.0499999999994,0.00042700444418026,-0.0140698745508445
30.0749999999994,0.000623807468094623,-0.0126155190063354
30.0999999999994,0.000816516015368945,-0.0111468160532261
30.1249999999994,0.00100343808931664,-0.00967814334007173
30.1499999999994,0.00118290733401406,-0.00822414721176637
30.1749999999994,0.00135329806049649,-0.00679958806480406
30.1999999999994,0.00151304025331774,-0.00541918163807757
30.2249999999994,0.00166063442237583,-0.00409743803258578
30.2499999999993,0.00179466616215002,-0.00284850030425331
30.2749999999993,0.00191382027891938,-0.0016859845027296
30.2999999999993,0.00201689434622401,-0.000622823035065749
30.3249999999993,0.00210281154976538,0.000328886783669336
30.3499999999993,0.00217063268528604,0.00115802717037488
30.3749999999993,0.00221956717658505,0.00185459554402608
30.3999999999993,0.00224898298591202,0.00240982974907155
30.4249999999993,0.00225841529539618,0.00281632125972358
30.4499999999993,0.00224757384598605,0.00306811491666753
30.4749999999993,0.00221634882954177,0.00316079393215093
30.4999999999993,0.00216481524022845,0.00309154861931388
30.5249999999993,0.00209323560308862,0.00285922921667635
30.5499999999993,0.00200206101067866,0.00246437975102387
30.5749999999993,0.00189193041269633,0.0019092543988844
30.5999999999993,0.00176366811868127,0.0011978149968757
30.6249999999993,0.001618279489867,0.000335709705442409
30.6499999999993,0.00145694481312345,-0.000669611809661216
30.6749999999993,0.00128101136737751,-0.00180952360986934
30.6999999999993,0.00109198371091133,-0.00307360741381692
30.7249999999993,0.000891512236263329,-0.00444998161630482
30.7499999999993,0.000681380057963435,-0.00592553137164933
30.7749999999993,0.000463488316833582,-0.00748596242848963
30.7999999999993,0.000239840002891917,-0.00911594162096151
30.8249999999993,1.25224168035717e-05,-0.010799250160034
30.8499999999993,-0.000216311592849006,-0.012518948144768
30.8749999999993,-0.000444463462679266,-0.0142575485749293
30.8999999999993,-0.000669709648655863,-0.0159971990268651
30.9249999999993,-0.000889823077628842,-0.0177198690552625
30.9499999999993,-0.00110259511958562,-0.0194075413056505
30.9749999999993,-0.00130585787262911,-0.021042404267224
30.9999999999993,-0.00149750654304665,-0.0226070445635156
31.0249999999993,-0.00167552169515785,-0.0240846366699963
31.0499999999993,-0.00183799114002754,-0.0254591279629821
31.0749999999993,-0.00198313122874551,-0.026715417043105
31.0999999999993,-0.00210930731497288,-0.0278395233385558
31.1249999999993,-0.00221505315284657,-0.0288187460776312
31.1499999999993,-0.00229908900032912,-0.0296418108257559
31.1749999999993,-0.00236033820461175,-0.0302990019079044
31.1999999999993,-0.00239794205534323,-0.0307822791817007
31.2249999999993,-0.00241127270325899,-0.031085377787825
31.2499999999993,-0.00239994395614193,-0.0312038896635601
31.2749999999993,-0.00236381978096175,-0.0311353243063355
31.2999999999993,-0.00230302036042596,-0.030879156397244
31.3249999999993,-0.00221792557382437,-0.0304368410188784
31.3499999999993,-0.00210917579598146,-0.0298118171549822
31.3749999999993,-0.00197766993395029,-0.0290094871049191
31.3999999999993,-0.00182456064879861,-0.0280371746643946
31.4249999999993,-0.00165124673901325,-0.0269040626800585
31.4499999999993,-0.00145936269257429,-0.0256211103046297
31.4749999999993,-0.00125076544621857,-0.0242009506815717
31.4999999999993,-0.00102751842256282,-0.0226577699992134
31.5249999999993,-0.000791872948243948,-0.0210071690563349
31.5499999999993,-0.000546247188675672,-0.0192660086725406
31.5749999999993,-0.000293202767057448,-0.0174522404551995
31.5999999999993,-3.541926653923e-05,-0.0155847245984819
31.6249999999993,0.000224333155495984,-0.013683036537213
31.6499999999993,0.000483222783566217,-0.0117672644073935
31.6749999999993,0.00073838670665264,-0.00985779937473782
31.6999999999993,0.000986962219035228,-0.00797512098134075
31.7249999999993,0.00122611892980896,-0.00613957972747222
31.7499999999993,0.00145309123314625,-0.00437117914984759
31.7749999999993,0.00166521077645719,-0.00268935967893501
31.7999999999993,0.00185993855243365,-0.00111278655573533
31.8249999999993,0.00203489623379492,0.000340855937011041
31.8499999999993,0.00218789636668456,0.00165519402482475
31.8749999999993,0.00231697104021648,0.00281483334393828
31.8999999999993,0.00242039865589013,0.00380629058999024
31.9249999999993,0.00249672843146924,0.00461766099144929
31.9499999999993,0.00254480228965367,0.00523888060248052
31.9749999999993,0.00256377380230004,0.00566185108351838
31.9999999999993,0.00255312388611809,0.00588054494165071
32.0249999999993,0.00251267297552734,0.00589108982265402
32.0499999999993,0.00244258943248101,0.00569183127953874
32.0749999999992,0.00234339399132976,0.00528337232058359
32.0999999999992,0.00221596007890659,0.00466858951992913
32.1249999999992,0.00206150989556233,0.00385262540301031
32.1499999999992,0.00188160619139277,0.00284285665837741
32.1749999999992,0.00167813972303256,0.00164883828983698
32.1999999999992,0.00145331242936553,0.000282223991888878
32.2249999999992,0.00120961641894396,-0.00124303748012923
32.2499999999992,0.000949808917050834,-0.00291206082907729
32.2749999999992,0.00067688337551566,-0.00470727003737863
32.2999999999992,0.000394037002976438,-0.00660986442427109
32.3249999999992,0.000104635026412041,-0.00859967259909108
32.3499999999992,-0.00018782795414999,-0.0106553554382406
32.3749999999992,-0.00047976910768175,-0.0127546242932079
32.3999999999992,-0.000767560556306442,-0.0148744723667901
32.4249999999992,-0.0010475741066593,-0.0169914170247546
32.4499999999992,-0.00131622699834514,-0.0190817506591609
32.4749999999992,-0.00157002810985187,-0.021121797589407
32.4999999999992,-0.0018056240390676,-0.0230881743795755
32.5249999999992,-0.00201984445915553,-0.0249580508674161
32.5499999999992,-0.00220974614156833,-0.0267094091427354
32.5749999999992,-0.00237265503665567,-0.0283212976821845
32.5999999999992,-0.00250620580916383,-0.0297740778443151
32.6249999999992,-0.00260837824103055,-0.0310496599539206
32.6499999999992,-0.00267752993732139,-0.0321317262583978
32.6749999999992,-0.00271242480320393,-0.0330059381211828
32.6999999999992,-0.00271225679999463,-0.0336601249280331
32.7249999999992,-0.00267666853671816,-0.034084452320529
32.7499999999992,-0.00260576430970105,-0.0342715676390784
32.7749999999992,-0.00250011726600265,-0.0342167195739879
32.7999999999992,-0.00236077043660919,-0.0339178530855532
32.8249999999992,-0.00218923146116436,-0.0333756748424773
32.8499999999992,-0.00198746090720874,-0.0325936876609088
32.8749999999992,-0.00175785417214606,-0.0315781965192999
32.8999999999992,-0.00150321704455463,-0.0303382822318076
32.9249999999992,-0.00122673509200137,-0.0288857435026521
32.9499999999992,-0.000931937133690872,-0.0272350071630267
32.9749999999992,-0.000622653147168466,-0.0254030068676141
32.9999999999992,-0.000302967047296862,-0.0234090308809671
33.0249999999992,2.28351383466281e-05,-0.021274539942532
33.0499999999992,0.000350321092061748,-0.0190229565593309
33.0749999999992,0.000674971345441033,-0.0166794274334308
33.0999999999992,0.000992240986000426,-0.0142705610831639
33.1249999999992,0.0012976231214543,-0.0118241430582393
33.1499999999992,0.00158671324171661,-0.00936883147481895
33.1749999999992,0.00185527357919501,-0.0069338359026939
33.1999999999992,0.00209929654013413,-0.00454858291813313
33.2249999999992,0.00231506626468492,-0.00224237188828327
33.2499999999992,0.00249921737160653,-4.40247716787921e-05
33.2749999999992,0.00264878995567305,0.00201855907806238
33.2999999999992,0.00276127993236943,0.0039183956674391
33.3249999999992,0.00283468386526854,0.00563027337650783
33.3499999999992,0.00286753746685503,0.00713075994948336
33.3749999999992,0.0028589470329292,0.00839859858585078
33.3999999999992,0.00280861315368567,0.00941500749471149
33.4249999999992,0.00271684614053286,0.0101639563837276
33.4499999999992,0.00258457271538325,0.0106324159489017
33.4749999999992,0.0024133336277019,0.0108105768047668
33.4999999999992,0.00220527199231176,0.0106923258372537
33.5249999999992,0.00196311227638205,0.0102742231001512
33.5499999999992,0.00169013000534036,0.00955736398687367
33.5749999999992,0.00139011240251483,0.00854627659972489
33.5999999999992,0.00106731032424915,0.00724923217962074
33.6249999999992,0.000726381998561759,0.00567821909162107
33.6499999999992,0.000372329218903393,0.00384886985857508
33.6749999999992,1.04267828479332e-05,0.00178034083839653
33.6999999999992,-0.00035385390390795,-0.000504855280942951
33.7249999999992,-0.000714926017317763,-0.00298049013727033
33.7499999999992,-0.00106717214950925,-0.00561928222861345
33.7749999999992,-0.00140503154552813,-0.00838943492119953
33.7999999999992,-0.00172308842302318,-0.0112575902548271
33.8249999999992,-0.00201615999740918,-0.0141885243320162
33.8499999999991,-0.00227938279722488,-0.017145568933525
33.8749999999991,-0.00250829583827888,-0.0200910470716859
33.8999999999991,-0.00269891923183938,-0.0229867482256966
33.9249999999991,-0.00284782683252847,-0.0257944026616784
33.9499999999991,-0.00295221158586424,-0.0284761812497494
33.9749999999991,-0.00300994231390231,-0.0309951985348081
33.9999999999991,-0.00301961077952679,-0.0333160157426202
34.0249999999991,-0.00298056799499616,-0.0354051370265015
34.0499999999991,-0.00289294888715599,-0.0372314921459114
34.0749999999991,-0.00275768459845022,-0.0387668987458329
34.0999999999991,-0.00257650188777091,-0.0399864974776071
34.1249999999991,-0.00235190929553981,-0.0408691533689523
34.1499999999991,-0.00208716995048647,-0.041397817113005
34.1749999999991,-0.00178626111833142,-0.0415598404877918
34.1999999999991,-0.00145382082128034,-0.0413490387797825
34.2249999999991,-0.0010950820883833,-0.0407586896247792
34.2499999999991,-0.000715795626338979,-0.0397924860872148
34.2749999999991,-0.00032214192420427,-0.0384574331483362
34.2999999999991,7.93659804345682e-05,-0.0367656494986418
34.3249999999991,0.000481987646177993,-0.034734311587127
34.3499999999991,0.000878866673679663,-0.0323855270831748
34.3749999999991,0.00126314668286479,-0.0297461372726311
34.3999999999991,0.00162808991732494,-0.0268474491308728
34.4249999999991,0.00196719646647127,-0.0237248988316237
34.4499999999991,0.00227432202294001,-0.0204176494839109
34.4749999999991,0.00254379205436365,-0.0169681269265211
34.4999999999991,0.00277051026708648,-0.0134214984334746
34.5249999999991,0.00295005927602698,-0.00982509598676103
34.5499999999991,0.00307879147071658,-0.00622781184745403
34.5749999999991,0.00315390818252033,-0.00267943242422858
34.5999999999991,0.0031735254116605,0.000770039820761757
34.6249999999991,0.00313672456369997,0.00407136156790607
34.6499999999991,0.00304358687128454,0.00717572511840313
34.6749999999991,0.00289521043561726,0.0100369248898727
34.6999999999991,0.00269370910957683,0.012611150230032
34.7249999999991,0.00244219275645082,0.0148578732612996
34.7499999999991,0.0021447287499696,0.0167404943870066
34.7749999999991,0.00180628492715207,0.0182269454991391
34.7999999999991,0.00143265455952135,0.0192902409866572
34.8249999999991,0.00103036426393105,0.0199089671665307
34.8499999999991,0.000606566124900461,0.0200677015692903
34.8749999999991,0.000168915639088715,0.0197573523762352
34.8999999999991,-0.000274562587783713,0.0189754169307535
34.9249999999991,-0.000715619167437707,0.0177261469388384
34.9499999999991,-0.00114593179369901,0.0160206140083504
34.9749999999991,-0.00155726193793463,0.0138766821247709
34.9999999999991,-0.00194161349068467,0.0113188760908545
35.0249999999991,-0.0022913903378437,0.00837814863185614
35.0499999999991,-0.00259954978737153,0.00509154664842858
35.0749999999991,-0.00285974874831908,0.00150177908913828
35.0999999999991,-0.00306647961052645,-0.00234277115522651
35.1249999999991,-0.00321519288222891,-0.00639096655760225
35.1499999999991,-0.00330240381407695,-0.0105859421948876
35.1749999999991,-0.00332578047089773,-0.0148684473148562
35.1999999999991,-0.00328421100451824,-0.0191770131454744
35.2249999999991,-0.00317784822850773,-0.0234488311570398
35.2499999999991,-0.00300812999395371,-0.0276206694333027
35.2749999999991,-0.00277777430803763,-0.0316298349267034
35.2999999999991,-0.00249074861710767,-0.0354151143629069
35.3249999999991,-0.00215221318443747,-0.0389177321806
35.3499999999991,-0.00176843902067689,-0.0420822836703091
35.3749999999991,-0.00134670136191716,-0.0448576334904235
35.3999999999991,-0.000895150225304689,-0.047197764664312
35.4249999999991,-0.000422660094145193,-0.0490625636740529
35.4499999999991,6.13387182049167e-05,-0.0504185280240824
35.4749999999991,0.000547044015069754,-0.0512393844460475
35.4999999999991,0.00102447754919953,-0.0515066008435729
35.5249999999991,0.00148368896086174,-0.0512128861134738
35.5499999999991,0.00191496375239042,-0.0503500709037394
35.5749999999991,0.00230903101878497,-0.0489278812064173
35.599999999999,0.0026572665266691,-0.0469615723841157
35.624999999999,0.00295188669699226,-0.0444749060047418
35.649999999999,0.00318612910456176,-0.0414999038067611
35.674999999999,0.00335441526232851,-0.0380764677434885
35.699999999999,0.00345249171073749,-0.0342518688814502
35.724999999999,0.00347754578062082,-0.0300801107691271
35.749999999999,0.00342829283822317,-0.0256211751029635
35.774999999999,0.00330503234668008,-0.0209401596843278
35.799999999999,0.0031096706815767,-0.0161063207395682
35.824999999999,0.00284570930828951,-0.0111920272460865
35.849999999999,0.00251819765356813,-0.00627166349997842
35.874999999999,0.00213365076889704,-0.00142050277651059
35.899999999999,0.00169993267291364,0.00328654063179707
35.924999999999,0.00122610705759959,0.00777605312383311
35.949999999999,0.000722257830242649,0.0119773367240191
35.974999999999,0.000199282721849808,0.0158235468075557
35.999999999999,-0.000331336095755915,0.0192528052303025
36.024999999999,-0.000857779795756779,0.0222092389318429
36.049999999999,-0.00136815393343074,0.0246439319764238
36.074999999999,-0.00185075711888842,0.0265157741081512
36.099999999999,-0.00229435135984213,0.0277921905068584
36.124999999999,-0.00268842788545733,0.0284497395807688
36.149999999999,-0.00302346217589464,0.0284745602227269
36.174999999999,-0.00329115198001954,0.0278626922942925
36.199999999999,-0.00348463231017371,0.026620196511184
36.224999999999,-0.00359866175888423,0.0247631477977226
36.249999999999,-0.00362977498519734,0.0223174387793549
36.274999999999,-0.0035763968616772,0.0193184357954304
36.299999999999,-0.00343891454711672,0.0158104679696923
36.324999999999,-0.00321970464091698,0.0118461649067061
36.349999999999,-0.00292311356600028,0.00748565111906184
36.374999999999,-0.00255539039768869,0.00279560936690052
36.399999999999,-0.00212457248321137,-0.00215177916435163
36.424999999999,-0.00164032535486586,-0.00727996718709285
36.449999999999,-0.0011137396019909,-0.0125093063388297
36.474999999999,-0.000557088504226616,-0.0177582926856352
36.499999999999,1.64486882821349e-05,-0.0229449245794329
36.524999999999,0.000593091942186725,-0.0279880627774966
36.549999999999,0.0011587873218813,-0.0328087449901472
36.574999999999,0.00169954804031657,-0.037331478049222
36.599999999999,0.00220180156870577,-0.041485487966114
36.624999999999,0.00265273429097218,-0.045205884565191
36.649999999999,0.00304062498711829,-0.0484347270026683
36.674999999999,0.0033551584426515,-0.0511219714556973
36.699999999999,0.00358771071676083,-0.0532262844841498
36.724999999999,0.00373159806290275,-0.0547157080695045
36.749999999999,0.00378228217867778,-0.055568165134071
36.774999999999,0.00373752535824453,-0.055766012332949
36.799999999999,0.00359749021526916,-0.0553194127207939
36.824999999999,0.00336477991631616,-0.054231500092322
36.849999999999,0.00304441628747669,-0.052521349506675
36.874999999999,0.00264375469905071,-0.0502178608844657
36.899999999999,0.00217233625814452,-0.0473592391259774
36.924999999999,0.00164167950718958,-0.0439923158209382
36.949999999999,0.00106501549454922,-0.0401717304853031
36.974999999999,0.000456971707091674,-0.0359589846921402
36.999999999999,-0.00016678811184178,-0.0314213864684044
37.024999999999,-0.000789959837140738,-0.0266309043569387
37.049999999999,-0.00139602088718572,-0.0216629522113111
37.074999999999,-0.00196866755599344,-0.0165951203602073
37.099999999999,-0.00249225636158846,-0.0115059099659889
37.124999999999,-0.00295223755807595,-0.00647341527213493
37.149999999999,-0.00333556880604545,-0.00157411185521442
37.174999999999,-0.00363109716853583,0.00311848136295734
37.199999999999,-0.0038298981057381,0.00753471355896082
37.224999999999,-0.00392556097994708,0.0116101565795261
37.249999999999,-0.00391441174253875,0.0152863907276885
37.274999999999,-0.00379566493682534,0.0185118895897661
37.299999999999,-0.00357149888534374,0.0212427316745498
37.324999999999,-0.00324704989861097,0.0234431710531884
37.3499999999989,-0.00283032349806666,0.0250860603043851
37.3749999999989,-0.00233202293437612,0.0261531220149447
37.3999999999989,-0.00176529764300749,0.026635066764467
37.4249999999989,-0.00114541664695225,0.0265315598381781
37.4499999999989,-0.000489374223202301,0.0258510651271773
37.4749999999989,0.000184562674079635,0.0246105043540746
37.4999999999989,0.000857353763629019,0.0228348265199397
37.5249999999989,0.00150971837799898,0.0205564514301037
37.5499999999989,0.00212268742620366,0.0178146071304275
37.5749999999989,0.00267815880154228,0.0146545809376307
37.5999999999989,0.00315944007468948,0.011126898568735
37.6249999999989,0.00355176218686438,0.00728644812071112
37.6499999999989,0.00384274821238119,0.00319156599597795
37.6749999999989,0.00402282210244485,-0.00109690361008946
37.6999999999989,0.00408554364642465,-0.0055165317395113
37.7249999999989,0.00402785767183866,-0.0100042487929514
37.7499999999989,0.00385024771403037,-0.014497250133191
37.7749999999989,0.00355678697006395,-0.0189338202088655
37.7999999999989,0.00315508224458591,-0.0232541962310628
37.8249999999989,0.00265610972146165,-0.027401292739893
37.8499999999989,0.00207394466660466,-0.0313213763410468
37.8749999999989,0.00142539048906511,-0.034964675404947
37.8999999999989,0.00072951585771568,-0.0382859053577386
37.9249999999989,7.11168578384352e-06,-0.0412447126159235
37.9499999999989,-0.000719917348817982,-0.0438060368794637
37.9749999999989,-0.00142920958287192,-0.0459403931057622
37.9999999999989,-0.00209863223808643,-0.0476240758734719
38.0249999999989,-0.00270697566374569,-0.0488392899796542
38.0499999999989,-0.00323463432761592,-0.0495742118438856
38.0749999999989,-0.00366425268178084,-0.0498229831342199
38.0999999999989,-0.00398131447121002,-0.0495856608564527
38.1249999999989,-0.00417465519730149,-0.0488681017721359
38.1499999999989,-0.00423687928676367,-0.0476817918034566
38.1749999999989,-0.00416466601586971,-0.0460436510326106
38.1999999999989,-0.00395895134544822,-0.0439757945070327
38.2249999999989,-0.00362497645522712,-0.0415052571545082
38.2499999999989,-0.00317219782869068,-0.0386636886657494
38.2749999999989,-0.00261405811389489,-0.0354870192927286
38.2999999999989,-0.00196762153930997,-0.0320150978173458
38.3249999999989,-0.00125308225199312,-0.0282913022191459
38.3499999999989,-0.000493158416386891,-0.0243621229713234
38.3749999999989,0.000287610888787392,-0.0202767184649033
38.3999999999989,0.00106364516287105,-0.0160864418383673
38.4249999999989,0.0018091543452042,-0.0118443338756982
38.4499999999989,0.0024989965195546,-0.00760460470729003
38.4749999999989,0.0031095332388481,-0.00342205809363256
38.4999999999989,0.0036194534553115,0.000648494795819041
38.5249999999989,0.0040105372134555,0.00455337716534781
38.5499999999989,0.00426833143262461,0.00823870974277214
38.5749999999989,0.00438271227089535,0.0116538569200418
38.5999999999989,0.00434831168654096,0.0147503688134217
38.6249999999989,0.00416478982596381,0.017483063959395
38.6499999999989,0.00383693966184346,0.0198107071880442
38.6749999999989,0.00337461574457728,0.0216966742359003
38.6999999999989,0.00279248484670188,0.0231095914227769
38.7249999999989,0.00210960248284876,0.0240239376537348
38.7499999999989,0.00134882556727907,0.0244205955522682
38.7749999999989,0.000536077605365046,0.0242873348496368
38.7999999999989,-0.000300511421226526,0.0236192222574919
38.8249999999989,-0.00113156314590376,0.0224189334409231
38.8499999999989,-0.00192747518918557,0.0206969629499599
38.8749999999989,-0.00265947674346182,0.0184717088240695
38.8999999999989,-0.00330067808664076,0.0157694394995202
38.9249999999989,-0.00382707580778963,0.0126241203076915
38.9499999999989,-0.00421847596231843,0.00907710046133038
38.9749999999989,-0.00445929921385988,0.00517665730897067
38.9999999999989,-0.00453923525189745,0.000977398871095589
39.0249999999989,-0.00445371833257286,-0.00345962043447135
39.0499999999989,-0.00420420155689634,-0.00807151626965874
39.0749999999989,-0.0037982143067582,-0.0127884246757665
39.0999999999989,-0.00324919488908087,-0.0175389597667421
39.1249999999988,-0.00257609863601285,-0.0222502671443849
39.1499999999988,-0.00180279018498588,-0.0268491976627587
39.1749999999988,-0.000957237104765814,-0.0312636008998815
39.1999999999988,-7.0530117436636e-05,-0.0354235807083165
39.2249999999988,0.00082423743297785,-0.0392627588392534
39.2499999999988,0.00169319180948434,-0.042719487913631
39.2749999999988,0.00250295863074026,-0.0457379924952126
39.2999999999988,0.00322195237189147,-0.0482694119898625
39.3249999999988,0.00382162599372089,-0.0502727210080672
39.3499999999988,0.00427763109372266,-0.0517155054437509
39.3749999999988,0.00457084093716809,-0.0525745760410618
39.3999999999988,0.00468819263630038,-0.0528363976680929
39.4249999999988,0.0046233105230337,-0.0524973500635367
39.4499999999988,0.00437688024767847,-0.0515637808748861
39.4749999999988,0.00395675210118365,-0.0500518493255557
39.4999999999988,0.00337776219888416,-0.0479871997324035
39.5249999999988,0.00266127111703288,-0.0454044454357045
39.5499999999988,0.00183443092778767,-0.0423464780294543
39.5749999999988,0.000929202887882858,-0.0388636234702337
39.5999999999988,-1.88411624717673e-05,-0.0350126642601697
39.6249999999988,-0.000971890803609498,-0.0308557515100258
39.6499999999988,-0.00189139113985663,-0.0264592332114496
39.6749999999988,-0.00273960109925835,-0.02189242679101
39.6999999999988,-0.00348115358895662,-0.0172263588282477
39.7249999999988,-0.00408455316005062,-0.0125325316168379
39.7499999999988,-0.00452354744159868,-0.00788167282740479
39.7749999999988,-0.00477831189776879,-0.00334261719343386
39.7999999999988,-0.00483639341182622,0.00101884113031645
39.8249999999988,-0.00469336665801475,0.0051423328767655
39.8499999999988,-0.00435316792677077,0.00896826703671679
39.8749999999988,-0.00382808365148008,0.0124464589017337
39.8999999999988,-0.00313838488094798,0.0155317515506582
39.9249999999988,-0.00231161380460163,0.0181856464209165
39.9499999999988,-0.00138154355910826,0.020376622501507
39.9749999999988,-0.000386847280355773,0.0220803202591058
39.9999999999988,0.000630473943204115,0.0232795987212279
40.0249999999988,0.00162684255037703,0.0239644766866575
40.0499999999988,0.00255896402099943,0.0241319569544331
40.0749999999988,0.00338571608471976,0.0237858424519207
40.0999999999988,0.00406998555689132,0.0229363295244361
40.1249999999988,0.00458037050731936,0.0215996965026839
40.1499999999988,0.00489266889138665,0.019797873611922
40.1749999999988,0.00499108183738987,0.0175580138583062
40.1999999999988,0.00486907031390424,0.0149120439615012
40.2249999999988,0.00452981755772964,0.0118962135018567
40.2499999999988,0.00398626593037287,0.00855064752762193
40.2749999999988,0.0032607151512963,0.00491890644854917
40.2999999999988,0.00238398837263608,0.00104755410978216
40.3249999999988,0.00139419246599434,-0.0030138275926719
40.3499999999988,0.000335118286042414,-0.00721499738385514
40.3749999999988,-0.000745655358976912,-0.0115023209171993
40.3999999999988,-0.0017988746532347,-0.0158214860216687
40.4249999999988,-0.00277584875185292,-0.0201173526561627
40.4499999999988,-0.00363071224865152,-0.0243344354086535
40.4749999999988,-0.00432260733624078,-0.0284174393184974
40.4999999999988,-0.00481768138773929,-0.0323118078048144
40.5249999999988,-0.00509080115800859,-0.0359643323881242
40.5499999999988,-0.0051268951475962,-0.039323800725149
40.5749999999988,-0.00492185059192112,-0.0423416841488695
40.5999999999988,-0.00448291049635477,-0.0449728575418571
40.6249999999988,-0.0038285383807114,-0.0471763406136831
40.6499999999988,-0.00298774297825201,-0.0489160460341795
40.6749999999988,-0.00199888095412042,-0.0501615166019223
40.6999999999988,-0.000907981556419933,-0.0508886316339405
40.7249999999988,0.000233338272887067,-0.0510802550422172
40.7499999999988,0.00137027767799529,-0.0507268101114155
40.7749999999988,0.00244746546931757,-0.0498267638212871
40.7999999999988,0.00341166070919391,-0.0483869575582551
40.8249999999988,0.00421440941071509,-0.0464228159779657
40.8499999999988,0.00481452458862574,-0.0439583867403403
40.8749999999987,0.0051802616008886,-0.0410262016421572
40.8999999999987,0.00529107200858027,-0.0376669523238662
40.9249999999987,0.00513883674909169,-0.033928976691086
40.9499999999987,0.00472850261868172,-0.0298675590065584
40.9749999999987,0.0040780739351114,-0.0255440530720555
40.9999999999987,0.00321794255786969,-0.0210248443897551
41.0249999999987,0.00218957270996656,-0.016380167082395
41.0499999999987,0.00104359063412082,-0.0116828346949291
41.0749999999987,-0.000162638698451775,-0.0070068437124232
41.0999999999987,-0.00136783655356571,-0.00242601421873691
41.1249999999987,-0.0025099015152454,0.00198749273244923
41.1499999999987,-0.00352911306687726,0.00616450473170386
41.1749999999987,-0.00437128342236253,0.0100401741222963
41.1999999999987,-0.00499069099878804,0.0135551610865834
41.2249999999987,-0.00535263528939058,0.0166566998451474
41.2499999999987,-0.00543546799250226,0.0192994921886993
41.2749999999987,-0.00523197861460742,0.0214464135102401
41.2999999999987,-0.00475004346492609,0.0230690174753868
41.3249999999987,-0.00401248362912838,0.0241478328416118
41.3499999999987,-0.00305611840193783,0.0246724513500376
41.3749999999987,-0.0019300437177027,0.0246414033868563
41.3999999999987,-0.0006932080813681,0.0240619329899912
41.4249999999987,0.00058860098583528,0.0229494406673775
41.4499999999987,0.00184621123465216,0.0213269446038685
41.4749999999987,0.00301078315619698,0.0192243632743611
41.4999999999987,0.00401759307709612,0.0166777266007511
41.5249999999987,0.00480967458960513,0.0137283393801772
41.5499999999987,0.00534111249479586,0.0104219254217668
41.5749999999987,0.00557979647254096,0.00680777970706542
41.5999999999987,0.00550946601355341,0.00293795209862021
41.6249999999987,0.00513091282436113,-0.00113352356212814
41.6499999999987,0.00446225038358899,-0.00535130166567593
41.6749999999987,0.00353821045542508,-0.00965944550076519
41.6999999999987,0.00240848054626671,-0.0140018571228303
41.7249999999987,0.00113515156950037,-0.0183228657398872
41.7499999999987,-0.000210601784637342,-0.0225676340437641
41.7749999999987,-0.00155243745588421,-0.0266825650475872
41.7999999999987,-0.00281314886576213,-0.0306156543145931
41.8249999999987,-0.00391911492416145,-0.0343168511196389
41.8499999999987,-0.00480464192060921,-0.0377384226064966
41.8749999999987,-0.00541594047921705,-0.0408353410176287
41.8999999999987,-0.00571449429230737,-0.0435657060746554
41.9249999999987,-0.00567960575985884,-0.0458912100096345
41.9499999999987,-0.00530994584140885,-0.0477776471990678
41.9749999999987,-0.00462398939125692,-0.0491954641885416
41.9999999999987,-0.00365928021840343,-0.0501203395197934
42.0249999999987,-0.00247053864570332,-0.0505337769538206
42.0499999999987,-0.00112669450761604,-0.0504236869335938
42.0749999999987,0.00029300387898834,-0.0497849334262695
42.0999999999987,0.00170359343747674,-0.0486198303876591
42.1249999999987,0.00301945140378881,-0.0469385070688189
42.1499999999987,0.00415950468378263,-0.0447591734841426
42.1749999999987,0.00505227776686648,-0.0421082228674718
42.1999999999987,0.00564046368728073,-0.0390201521591535
42.2249999999987,0.00588472235601641,-0.0355372853923408
42.2499999999987,0.00576644955936558,-0.0317092886510224
42.2749999999987,0.00528931633873164,-0.0275924749073492
42.2999999999987,0.00447944945945955,-0.02324890646624
42.3249999999987,0.00338420532249069,-0.0187453123529614
42.3499999999987,0.00206957720202289,-0.0141518410238547
42.3749999999987,0.000616363751215029,-0.00954070320703082
42.3999999999987,-0.000884690313568141,-0.00498474157246479
42.4249999999987,-0.00233849809764589,-0.000555928812169185
42.4499999999987,-0.00365163910301611,0.00367709849564275
42.4749999999987,-0.00473839599109315,0.00764671481530752
42.4999999999987,-0.00552642958006809,0.0112928087281289
42.5249999999987,-0.00596171363384398,0.0145607044803896
42.5499999999987,-0.00601238769488915,0.0174028608212706
42.5749999999987,-0.005671246663973,0.019779614435672
42.5999999999987,-0.00495666696890352,0.0216596948647408
42.6249999999986,-0.00391186641396326,0.0230205058705823
42.6499999999986,-0.0026025023081994,0.0238481786710065
42.6749999999986,-0.00111272343770724,0.024137408730631
42.6999999999986,0.000460101450373399,0.023893910411366
42.7249999999986,0.00201166012742268,0.0231226680436805
42.7499999999986,0.0034375821286159,0.0218442817798435
42.7749999999986,0.00464048307563048,0.0200829163954268
42.7999999999986,0.00553669368440724,0.0178684140558101
42.8249999999986,0.00606220597170814,0.0152355569992432
42.8499999999986,0.00617740845508959,0.0122233627373601
42.8749999999986,0.00587025234987481,0.00887443527289748
42.8999999999986,0.00515758824227147,0.00523438893318762
42.9249999999986,0.00408453173376229,0.00135135200134747
42.9499999999986,0.00272184962249737,-0.0027242922869388
42.9749999999986,0.00116149651183773,-0.00694096490304675
42.9999999999986,-0.000489434240351427,-0.0112450400994464
43.0249999999986,-0.00211596125963959,-0.0155819669950032
43.0499999999986,-0.00360318660281864,-0.0198963384068585
43.0749999999986,-0.00484444081855954,-0.0241322173810827
43.0999999999986,-0.00574902524285821,-0.0282335483432232
43.1249999999986,-0.00624898626165894,-0.0321446292180765
43.1499999999986,-0.00630440855606437,-0.035810707967605
43.1749999999986,-0.0059068056208681,-0.0391786870962352
43.1999999999986,-0.0050803109920329,-0.042197937453159
43.2249999999986,-0.00388052480456724,-0.0448212068722664
43.2499999999986,-0.00239103744296483,-0.0470055983629074
43.2749999999986,-0.000717823438668708,-0.048713582847995
43.2999999999986,0.00101813811365925,-0.0499140036326265
43.3249999999986,0.00268951796130305,-0.0505830251022976
43.3499999999986,0.00417195704508171,-0.0507049680516845
43.3749999999986,0.00535337540344642,-0.0502695284932308
43.3999999999986,0.0061425722045291,-0.0492862545234103
43.4249999999986,0.00647645135416864,-0.0477637408563419
43.4499999999986,0.00632529052005115,-0.0457236468877387
43.4749999999986,0.00569560199101175,-0.0431969136172525
43.4999999999986,0.00463030341806385,-0.0402231987356962
43.5249999999986,0.00320611366348615,-0.0368500533704623
43.5499999999986,0.00152829959257522,-0.0331318690337742
43.5749999999986,-0.000276892100035096,-0.0291286368612887
43.5999999999986,-0.00207159431134012,-0.0249045712844112
43.6249999999986,-0.00371679101533537,-0.0205266570992065
43.6499999999986,-0.00508311384805498,-0.0160631761524183
43.6749999999986,-0.00606112707795184,-0.0115823038225925
43.6999999999986,-0.00657027873437589,-0.00715077202018767
43.7249999999986,-0.00656577575955918,-0.00283270505814342
43.7499999999986,-0.00604278294059664,0.0013113661258247
43.7749999999986,-0.00503754014387519,0.00522608967659144
43.7999999999986,-0.00362522645186948,0.00885876762451978
43.8249999999986,-0.00191465586316949,0.012164156965091
43.8499999999986,-4.01473996771637e-05,0.0151018476079344
43.8749999999986,0.00184884812660951,0.01763696673701
43.8999999999986,0.00359958206904759,0.0197401154806497
43.9249999999986,0.00506837662595046,0.0213872473608844
43.9499999999986,0.00613252987784983,0.0225595342396439
43.9749999999986,0.00670076621737189,0.0232432611636814
43.9999999999986,0.00672133089002577,0.0234297815293387
44.0249999999986,0.00618699508694777,0.0231155587964455
44.0499999999986,0.00513647283140118,0.0223022959339148
44.0749999999986,0.00365203570228967,0.0209971514388446
44.0999999999986,0.00185342420110431,0.0192130119189142
44.1249999999986,-0.000111530071447041,0.0169688001244418
44.1499999999986,-0.00207886599276041,0.0142897628362119
44.1749999999986,-0.00388209141787969,0.0112076927538049
44.1999999999986,-0.00536630287403743,0.00776103136240998
44.2249999999986,-0.0064016316881583,0.00399480364783335
44.2499999999986,-0.00689484295371606,-3.96565465549284e-05
44.2749999999986,-0.00679803720482705,-0.00428459329993526
44.2999999999986,-0.00611362368215701,-0.0086793869384014
44.3249999999986,-0.00489503325281161,-0.0131569665253383
44.3499999999986,-0.00324299527724067,-0.0176483400373252
44.3749999999986,-0.00129758685687907,-0.022083182515758
44.3999999999985,0.000773357934041406,-0.0263913293674597
44.4249999999985,0.00278855089360645,-0.0305044060063483
44.4499999999985,0.00456906703826162,-0.0343573932453284
44.4749999999985,0.0059543068396843,-0.037890122212274
44.4999999999985,0.0068166785953604,-0.0410485975388747
44.5249999999985,0.00707364746845161,-0.0437860935541041
44.5499999999985,0.0066959939560986,-0.0460639774206377
44.5749999999985,0.00571143273977636,-0.0478522318674365
44.5999999999985,0.00420313926998015,-0.0491296711819712
44.6249999999985,0.00230318314024327,-0.049883861948129
44.6499999999985,0.000181334884648495,-0.0501107748163842
44.6749999999985,-0.0019698463178817,-0.0498169475583951
44.6999999999985,-0.00395236439857055,-0.0490080236792461
44.7249999999985,-0.00558103189991784,-0.047704167859298
44.7499999999985,-0.00670093255273158,-0.0459284652211378
44.7749999999985,-0.00720244601624017,-0.0437088996560951
44.7999999999985,-0.00703235826468813,-0.0410777178725095
44.8249999999985,-0.0061999053722589,-0.0380709261178261
44.8499999999985,-0.00477704345989578,-0.0347279309280753
44.8749999999985,-0.00289276555690992,-0.0310913162844224
44.8999999999985,-0.000721849726609786,-0.0272067299237644
44.9249999999985,0.00153103084722673,-0.0231228348675143
44.9499999999985,0.0036504294942162,-0.0188912702462156
44.9749999999985,0.00543071711521997,-0.0145665545638189
44.9999999999985,0.00669618339797875,-0.0102058949994651
45.0249999999985,0.00731867645064901,-0.00586880081273733
45.0499999999985,0.00723098957881684,-0.00161650955816273
45.0749999999985,0.00643456708770389,0.0024888173220477
45.0999999999985,0.0050006180280006,0.00638511737999464
45.1249999999985,0.00306435234105283,0.0100116669227492
45.1499999999985,0.000812729704066244,0.013310437873404
45.1749999999985,-0.00153322823430245,0.0162275548518378
45.1999999999985,-0.00373993365722514,0.0187147449445764
45.2249999999985,-0.00558447408876779,0.0207306971468729
45.2499999999985,-0.00687729726696785,0.0222422447615073
45.2749999999985,-0.0074820228050039,0.0232252939071057
45.2999999999985,-0.00733028588950068,0.0236654304974589
45.3249999999985,-0.00642996260489241,0.0235581929735037
45.3499999999985,-0.004865756223294,0.0229089690505522
45.3749999999985,-0.00279188102984492,0.0217325304937582
45.3999999999985,-0.000417391256480042,0.0200522827437015
45.4249999999985,0.00201451504460712,0.0178992693178548
45.4499999999985,0.00425121691776387,0.0153110138254404
45.4749999999985,0.00605693221254251,0.0123302939135743
45.4999999999985,0.00723779745320204,0.0090039353724244
45.5249999999985,0.00766308458553877,0.00538170674354237
45.5499999999985,0.00728020118701285,0.00151537763644248
45.5749999999985,0.00612171126886362,-0.00254201941677986
45.5999999999985,0.00430341390059333,-0.00673671556741923
45.6249999999985,0.00201344851853549,-0.0110145126211222
45.6499999999985,-0.000506636716835766,-0.0153209586164102
45.6749999999985,-0.00298701747601859,-0.0196014068104389
45.6999999999985,-0.00515835962342001,-0.0238010522299891
45.7249999999985,-0.00678117647485597,-0.0278650432319724
45.7499999999985,-0.00767257577587968,-0.0317386957633127
45.7749999999985,-0.00772738439373844,-0.0353679149944868
45.7999999999985,-0.00693116791514243,-0.0386998369873241
45.8249999999985,-0.00536348596242154,-0.0416837023744687
45.8499999999985,-0.00319076155146317,-0.0442719386830569
45.8749999999985,-0.000649286169351993,-0.0464213982817636
45.8999999999985,0.00197999321226721,-0.048094673787038
45.9249999999985,0.00440228117197388,-0.0492613951404757
45.9499999999985,0.00634199661221779,-0.0498994049876162
45.9749999999985,0.00757439390902667,-0.0499957049587377
45.9999999999985,0.00795209623845322,-0.0495471110562976
46.0249999999985,0.00742336639993586,-0.0485605249441473
46.0499999999985,0.00603979433237538,-0.0470527868097292
46.0749999999985,0.00395223274176768,-0.0450501475424539
46.0999999999985,0.00139514043230447,-0.0425873738561863
46.1249999999985,-0.00133915121583212,-0.0397065574301433
46.1499999999984,-0.00393350758192819,-0.0364557284037891
46.1749999999984,-0.00608270897431741,-0.032887381805194
46.1999999999984,-0.0075295871283514,-0.0290570297948665
46.2249999999984,-0.00809628864146098,-0.0250218831125858
46.2499999999984,-0.00770682180563954,-0.0208397441823359
46.2749999999984,-0.00639796615072958,-0.0165681642914636
46.2999999999984,-0.00431692952476696,-0.0122638769493673
46.3249999999984,-0.00170568315357599,-0.00798251069728284
46.3499999999984,0.00112648699723081,-0.00377847925727844
46.3749999999984,0.00383919719622076,0.00029498348205232
46.3999999999984,0.00610177515406042,0.00418650115123031
46.4249999999984,0.00763379556454577,0.00784377498822828
46.4499999999984,0.00824036050344365,0.0112177141560092
46.4749999999984,0.0078376385466865,0.0142603593300198
46.4999999999984,0.00646524508666167,0.0169261275854522
46.5249999999984,0.00428357745057338,0.0191727348343577
46.5499999999984,0.00155603857096603,0.0209623317612491
46.5749999999984,-0.00138202520341926,0.0222627731891317
46.5999999999984,-0.00416411880725265,0.0230489141940953
46.6249999999984,-0.00643823378997409,0.0233038057012015
46.6499999999984,-0.00791166843957686,0.0230199260789037
46.6749999999984,-0.00838930738374851,0.0221988405832929
46.6999999999984,-0.00780029634750648,0.0208529405948132
46.7249999999984,-0.00620938264485957,0.0190042403996064
46.7499999999984,-0.00381105460807609,0.0166839810304969
46.7749999999984,-0.000906782487100348,0.013931584270825
46.7999999999984,0.00213213117721511,0.0107933000778668
46.8249999999984,0.00491162906469019,0.00732066560166063
46.8499999999984,0.0070660044215363,0.00356891098999568
46.8749999999984,0.00830642364418487,-0.000404558352374561
46.8999999999984,0.0084603941939386,-0.00454121738127086
46.9249999999984,0.00749670852790413,-0.00878356997927725
46.9499999999984,0.00553216113187075,-0.0130739794082126
46.9749999999984,0.00281865909234526,-0.0173564258992392
46.9999999999984,-0.000288063834459364,-0.0215762237109597
47.0249999999984,-0.00337440332836534,-0.0256799518030752
47.0499999999984,-0.00602368526980445,-0.0296152884548715
47.0749999999984,-0.00787260566470559,-0.0333309205067649
47.0999999999984,-0.00866166009040294,-0.0367766200995143
47.1249999999984,-0.00827250213217372,-0.0399035833234905
47.1499999999984,-0.00674675171492076,-0.0426650800839943
47.1749999999984,-0.00428316786704006,-0.0450174152936816
47.1999999999984,-0.00121300543877039,-0.0469211502452715
47.2249999999984,0.00204359358377469,-0.0483424868750576
47.2499999999984,0.00503458579317098,-0.0492546840359337
47.2749999999984,0.00733875269870047,-0.0496393511107806
47.2999999999984,0.00862548890652178,-0.0494790382137831
47.3249999999984,0.00870312352556431,-0.0487918478907563
47.3499999999984,0.00754861394956902,-0.0475805471659604
47.3749999999984,0.00531388852222171,-0.0458662278569633
47.3999999999984,0.00230731354155432,-0.0436790328277143
47.4249999999984,-0.00104771048579805,-0.0410569418748946
47.4499999999984,-0.00427165599135098,-0.038044285979968
47.4749999999984,-0.00689721081565843,-0.0346901438045613
47.4999999999984,-0.00853736836363007,-0.0310467827968723
47.5249999999984,-0.00894331852617202,-0.0271682924110177
47.5499999999984,-0.00804338449044611,-0.0231095214357535
47.5749999999984,-0.00595677450851386,-0.0189253801598053
47.5999999999984,-0.00297945146662397,-0.014670503789616
47.6249999999984,0.000456519629601755,-0.0103992419300548
47.6499999999984,0.00384479091073936,-0.00616581884231096
47.6749999999984,0.00667903057665634,-0.00202456968068347
47.6999999999984,0.00852887361776172,0.00196992374981268
47.7249999999984,0.00910611641307081,0.00576292794031643
47.7499999999984,0.00831087680278323,0.00930000857157155
47.7749999999984,0.00625017464518108,0.0125278412700232
47.7999999999984,0.00322536937091293,0.0153954119652271
47.8249999999984,-0.000310442409800191,0.0178555045760881
47.8499999999984,-0.00381930767087211,0.0198663461651439
47.8749999999984,-0.00675988569674017,0.0213932389736024
47.8999999999984,-0.00867125440353812,0.0224099976604651
47.9249999999983,-0.00924606561205608,0.0229000200597693
47.9499999999983,-0.00838133055276041,0.0228535340082846
47.9749999999983,-0.00619827322200077,0.0222810893654634
47.9999999999983,-0.00302730659747904,0.0211927755098014
48.0249999999983,0.000640410515622011,0.0196107341679337
48.0499999999983,0.00422802006994161,0.01756446531549
48.0749999999983,0.00716334384365645,0.0150893351180925
48.0999999999983,0.00897052254637905,0.012225115264418
48.1249999999983,0.00934821038172355,0.00901472675778699
48.1499999999983,0.00822134428717211,0.00550331882863054
48.1749999999983,0.00575739820046581,0.00173774928082296
48.1999999999983,0.00234354046617908,-0.00223354242532216
48.2249999999983,-0.00147260257581763,-0.00636035619449794
48.2499999999983,-0.00506981522167224,-0.0105903658234924
48.2749999999983,-0.00785420875908025,-0.0148687901028869
48.2999999999983,-0.00935786144246403,-0.0191382399364015
48.3249999999983,-0.00931873861091576,-0.0233389155771556
48.3499999999983,-0.00772807200920997,-0.02740927800491
48.3749999999983,-0.00483640815479192,-0.0312871705738634
48.3999999999983,-0.00111622045714283,-0.0349113869658359
48.4249999999983,0.00281374793546401,-0.038223528600911
48.4499999999983,0.00629059631694862,-0.041169967174174
48.4749999999983,0.00871915496038369,-0.0437036947917223
48.4999999999983,0.00967479182919031,-0.0457858507991095
48.5249999999983,0.0089792635430359,-0.0473867555458805
48.5499999999983,0.0067358375699141,-0.0484863508945209
48.5749999999983,0.00331654036211258,-0.0490740316566829
48.5999999999983,-0.000697514429058296,-0.0491479344098205
48.6249999999983,-0.00461355029587579,-0.0487139227549609
48.6499999999983,-0.00774624655464969,-0.0477842426461099
48.6749999999983,-0.00953818946580054,-0.0463763779621075
48.6999999999983,-0.00966043867151313,-0.0445120677668295
48.7249999999983,-0.00807487059498611,-0.0422167362070987
48.7499999999983,-0.00504620485558339,-0.0395193598572069
48.7749999999983,-0.00110024279326155,-0.0364527470800667
48.7999999999983,0.00306560830939591,-0.0330541046445191
48.8249999999983,0.00670467190077182,-0.029365701668882
48.8499999999983,0.0091549510892501,-0.0254354083161945
48.8749999999983,0.00996068597025921,-0.0213168950201864
48.8999999999983,0.00895904441758302,-0.0170693269194206
48.9249999999983,0.00631517018080664,-0.012756464014494
48.9499999999983,0.00249779339034186,-0.00844521240598427
48.9749999999983,-0.00180166027279221,-0.00420368712619545
48.9999999999983,-0.00579296776368409,-9.90435713203738e-05
49.0249999999983,-0.00873210948478589,0.00380570101410382
49.0499999999983,-0.0100608605146131,0.00744978160614406
49.0749999999983,-0.00951466839226241,0.0107815277275305
49.0999999999983,-0.00717768496252272,0.0137558425186774
49.1249999999983,-0.00347316736208637,0.0163351818073213
49.1499999999983,0.000910627982983758,0.0184891846032646
49.1749999999983,0.00514663791620633,0.0201939073574918
49.1999999999983,0.0084245079179508,0.021430897360441
49.2249999999983,0.010106341820179,0.0221863593378966
49.2499999999983,0.00985266841070232,0.0224506361210738
49.2749999999983,0.00769346314417635,0.0222188541234884
49.2999999999983,0.00402898195648605,0.0214885781207544
49.3249999999983,-0.000441597002317124,0.0202648922542248
49.3499999999983,-0.0048516389783237,0.0185587420347495
49.3749999999983,-0.00833434526240729,0.016388779163856
49.3999999999983,-0.0101937765000612,0.0137822433012554
49.4249999999983,-0.010045795723592,0.0107753402271002
49.4499999999983,-0.00790008503806606,0.007412954947087
49.4749999999983,-0.00416529828500619,0.00374765260612145
49.4999999999983,0.000425699412654586,-0.000161958865765892
49.5249999999983,0.00495753706732453,-0.0042529156405896
49.5499999999983,0.00851407670626391,-0.00846182433332473
49.5749999999983,0.0103643222031939,-0.0127241291867425
49.5999999999983,0.010114695698801,-0.0169778968115213
49.6249999999983,0.00779562228913503,-0.0211643367646257
49.6499999999983,0.00386290268256916,-0.0252282570300007
49.6749999999982,-0.00088864163321627,-0.0291179026526552
49.6999999999982,-0.00548365326625005,-0.0327844159068167
49.7249999999982,-0.00896576804370611,-0.0361811627252996
49.7499999999982,-0.0105975815239303,-0.0392632237054073
49.7749999999982,-0.010019123256993,-0.0419873032947999
49.7999999999982,-0.00733038032408711,-0.0443122153756013
49.8249999999982,-0.00307843393535853,-0.046199971312489
49.8499999999982,0.00185055685241636,-0.0476173549328016
49.8749999999982,0.00641399231549071,-0.0485377486759967
49.8999999999982,0.00963295961608515,-0.048942894764766
49.9249999999982,0.0108035363373556,-0.0488176823207987
49.9499999999982,0.00965345716265668,-0.0481774567292371
49.9749999999982,0.00640878278777902,-0.0470280061470115
49.9999999999982,0.00175371964176685,-0.0453913305756055
